direction,direction_display,source_accent,target_accent,shortlist_question_no,source_id,source_speaker_id,utterance_id,transcript,source_original_path,phonos_original_path,seedvc_original_path,tvtsyn_original_path,phonos_item_id,phonos_checkpoint,phonos_target_ref_id,phonos_target_ref_path,phonos_accent_prediction,phonos_target_probability_pct,phonos_nisqa_mos,seedvc_item_id,seedvc_target_ref_id,seedvc_target_ref_path,seedvc_accent_prediction,seedvc_recall_tgt_hit,seedvc_nisqa_mos,tvtsyn_item_id,tvtsyn_accent_prediction,tvtsyn_recall_src_hit,tvtsyn_nisqa_mos,sample_group_id,sample_id,original_audio,original_audio_url,original_duration_sec,original_sha256,phonos_audio,phonos_audio_url,phonos_duration_sec,phonos_sha256,seedvc_audio,seedvc_audio_url,seedvc_duration_sec,seedvc_sha256,tvtsyn_reconstruction_audio,tvtsyn_reconstruction_audio_url,tvtsyn_reconstruction_duration_sec,tvtsyn_reconstruction_sha256
ame2bri,American to British,american,british,Q003,AME005,7176,7176-88083-0000,ALL ABOUT HIM WAS A TUMULT OF BRIGHT AND BROKEN COLOR SCATTERED IN BROAD SPLASHES,/data/waris/code/PHONOSv2/evaluation/final/american/7176/wav/7176-88083-0000.wav,/data/waris/code/PHONOSv2/evaluation/matched_subjective/phonos_candidate_review/audio/ame2bri/AME005/r3_epoch06/slr83_southern_male_som_08784.wav,/data/waris/code/PHONOSv2/evaluation/generated_samples/seedvc/full/ame2bri/slr83_southern_female_sof_04415/7176/7176-88083-0000.wav,/data/waris/code/PHONOSv2/evaluation/generated_samples/tvtsyn_reconstruction/full/american/7176/7176-88083-0000.wav,ame2bri::AME005::r3_epoch06::slr83_southern_male_som_08784,r3_epoch06,slr83_southern_male_som_08784,/data/waris/code/PHONOSv2/evaluation/speakers/bri/slr83_southern_male_som_08784.wav,british_isles,96.08294367790222,3.052253,seedvc::ame2bri::slr83_southern_female_sof_04415::7176-88083-0000,slr83_southern_female_sof_04415,/data/waris/code/PHONOSv2/evaluation/speakers/bri/slr83_southern_female_sof_04415.wav,british_isles,1,4.1470823,tvtsyn::ame2bri::7176-88083-0000,north_american,1,4.337082,ame2bri_S01,S01,audio/ame2bri/S01__original.wav,https://anonymousis23.github.io/UserStudy/PHONOS-TASLP26/accent_new/audio/ame2bri/S01__original.wav,5.695,eb6831413282d3c2c4f50ae84833715e4cfc26032fd81ebd00688191958ae66a,audio/ame2bri/S01__phonos.wav,https://anonymousis23.github.io/UserStudy/PHONOS-TASLP26/accent_new/audio/ame2bri/S01__phonos.wav,5.7,3b5337872738e10b211e76b00fcfd7cc41f4bd1432c3fa050adf333362ea9a59,audio/ame2bri/S01__seedvc.wav,https://anonymousis23.github.io/UserStudy/PHONOS-TASLP26/accent_new/audio/ame2bri/S01__seedvc.wav,5.584399092970521,0506968d9efc4f44c01704366b9ca5d42b0f977a262be0c1aeee6c49809ab1f3,audio/ame2bri/S01__tvtsyn_reconstruction.wav,https://anonymousis23.github.io/UserStudy/PHONOS-TASLP26/accent_new/audio/ame2bri/S01__tvtsyn_reconstruction.wav,5.7,e22e5c9cc8b8a9b917d01bb8a343dfe52c8ae360486d8b42aef7d8db3c878527
ame2bri,American to British,american,british,Q004,AME003,652,652-130737-0002,WITH ENTREES SERVE CLARETS OR OTHER RED WINES SUCH AS SWISS BORDEAUX HUNGARIAN OR ITALIAN WINES,/data/waris/code/PHONOSv2/evaluation/final/american/652/wav/652-130737-0002.wav,/data/waris/code/PHONOSv2/evaluation/matched_subjective/phonos_candidate_review/audio/ame2bri/AME003/r1_epoch13/slr83_southern_male_som_08784.wav,/data/waris/code/PHONOSv2/evaluation/generated_samples/seedvc/full/ame2bri/slr83_southern_female_sof_03397/652/652-130737-0002.wav,/data/waris/code/PHONOSv2/evaluation/generated_samples/tvtsyn_reconstruction/full/american/652/652-130737-0002.wav,ame2bri::AME003::r1_epoch13::slr83_southern_male_som_08784,r1_epoch13,slr83_southern_male_som_08784,/data/waris/code/PHONOSv2/evaluation/speakers/bri/slr83_southern_male_som_08784.wav,british_isles,99.51575398445128,4.103218,seedvc::ame2bri::slr83_southern_female_sof_03397::652-130737-0002,slr83_southern_female_sof_03397,/data/waris/code/PHONOSv2/evaluation/speakers/bri/slr83_southern_female_sof_03397.wav,british_isles,1,4.363609,tvtsyn::ame2bri::652-130737-0002,north_american,1,4.3100176,ame2bri_S02,S02,audio/ame2bri/S02__original.wav,https://anonymousis23.github.io/UserStudy/PHONOS-TASLP26/accent_new/audio/ame2bri/S02__original.wav,7.57,3db84d0a4ec5d40045f540776ea190f60b05e6ba6e1e120945855d3f4cd22b3b,audio/ame2bri/S02__phonos.wav,https://anonymousis23.github.io/UserStudy/PHONOS-TASLP26/accent_new/audio/ame2bri/S02__phonos.wav,7.58,36cdc00b9ec456fbecd9a33aecdf52a7e8261b00834ea3a181544c431349ff99,audio/ame2bri/S02__seedvc.wav,https://anonymousis23.github.io/UserStudy/PHONOS-TASLP26/accent_new/audio/ame2bri/S02__seedvc.wav,7.569705215419501,d4ddc8e273f105f7586bddb41d6ae7298978f70a9b17e0925de0be00f81aabb4,audio/ame2bri/S02__tvtsyn_reconstruction.wav,https://anonymousis23.github.io/UserStudy/PHONOS-TASLP26/accent_new/audio/ame2bri/S02__tvtsyn_reconstruction.wav,7.58,6355f9f6b30468c508607743a450236dcb6ac0e67513417c3543147c3a9dac97
ame2bri,American to British,american,british,Q005,AME008,5694,5694-64029-0007,I SOON FOUND OUT THAT HE HAD CAUGHT SIGHT OF THE RELIEF ON THE ROAD AND WAS AFRAID TO SHOOT I QUICKLY MADE UP MY MIND,/data/waris/code/PHONOSv2/evaluation/final/american/5694/wav/5694-64029-0007.wav,/data/waris/code/PHONOSv2/evaluation/matched_subjective/phonos_candidate_review/audio/ame2bri/AME008/r1_epoch13/slr83_southern_female_sof_03397.wav,/data/waris/code/PHONOSv2/evaluation/generated_samples/seedvc/full/ame2bri/british1/5694/5694-64029-0007.wav,/data/waris/code/PHONOSv2/evaluation/generated_samples/tvtsyn_reconstruction/full/american/5694/5694-64029-0007.wav,ame2bri::AME008::r1_epoch13::slr83_southern_female_sof_03397,r1_epoch13,slr83_southern_female_sof_03397,/data/waris/code/PHONOSv2/evaluation/speakers/bri/slr83_southern_female_sof_03397.wav,british_isles,98.32029342651369,4.707386,seedvc::ame2bri::british1::5694-64029-0007,british1,/data/waris/code/PHONOSv2/evaluation/speakers/bri/british1.wav,australasian,0,4.8821297,tvtsyn::ame2bri::5694-64029-0007,north_american,1,4.9541445,ame2bri_S03,S03,audio/ame2bri/S03__original.wav,https://anonymousis23.github.io/UserStudy/PHONOS-TASLP26/accent_new/audio/ame2bri/S03__original.wav,6.585,7ba57c7f53560bacc99ae3cf19fcfefac8825f083b68464143a3acd09717fb60,audio/ame2bri/S03__phonos.wav,https://anonymousis23.github.io/UserStudy/PHONOS-TASLP26/accent_new/audio/ame2bri/S03__phonos.wav,6.6,75df48aa5ceb70abbd56711a0ca69204a1c24aa9ba6202e6d283febce7a43c18,audio/ame2bri/S03__seedvc.wav,https://anonymousis23.github.io/UserStudy/PHONOS-TASLP26/accent_new/audio/ame2bri/S03__seedvc.wav,6.6525170068027215,eefe92d19b38a05d3701cfda119847d40c4ab858a2dea61d306b1cdeda810160,audio/ame2bri/S03__tvtsyn_reconstruction.wav,https://anonymousis23.github.io/UserStudy/PHONOS-TASLP26/accent_new/audio/ame2bri/S03__tvtsyn_reconstruction.wav,6.6,bdc6567091591ca7e8b4e17896c1880c48b71d217e79f5c72c0452b38d20830f
ame2bri,American to British,american,british,Q006,AME009,1272,1272-141231-0026,BREATHING DEEPLY BRION SOFTLY SPOKE THE AUTO HYPNOTIC PHRASES THAT TRIGGERED THE PROCESS,/data/waris/code/PHONOSv2/evaluation/final/american/1272/wav/1272-141231-0026.wav,/data/waris/code/PHONOSv2/evaluation/matched_subjective/phonos_candidate_review/audio/ame2bri/AME009/r6_epoch05/slr83_southern_female_sof_03397.wav,/data/waris/code/PHONOSv2/evaluation/generated_samples/seedvc/full/ame2bri/slr83_southern_female_sof_04415/1272/1272-141231-0026.wav,/data/waris/code/PHONOSv2/evaluation/generated_samples/tvtsyn_reconstruction/full/american/1272/1272-141231-0026.wav,ame2bri::AME009::r6_epoch05::slr83_southern_female_sof_03397,r6_epoch05,slr83_southern_female_sof_03397,/data/waris/code/PHONOSv2/evaluation/speakers/bri/slr83_southern_female_sof_03397.wav,british_isles,98.15370440483092,4.7005243,seedvc::ame2bri::slr83_southern_female_sof_04415::1272-141231-0026,slr83_southern_female_sof_04415,/data/waris/code/PHONOSv2/evaluation/speakers/bri/slr83_southern_female_sof_04415.wav,australasian,0,4.2375183,tvtsyn::ame2bri::1272-141231-0026,british_isles,0,3.876814,ame2bri_S04,S04,audio/ame2bri/S04__original.wav,https://anonymousis23.github.io/UserStudy/PHONOS-TASLP26/accent_new/audio/ame2bri/S04__original.wav,6.635,4a2ddfdfd71a7d3acbb0e520a9d5c6f0f55bc6bff814ffe147ae9175a98fb625,audio/ame2bri/S04__phonos.wav,https://anonymousis23.github.io/UserStudy/PHONOS-TASLP26/accent_new/audio/ame2bri/S04__phonos.wav,6.64,e673d8ae85af5d4a304f07c5ad2090217c34a6ca051bc197db9cf85f574368eb,audio/ame2bri/S04__seedvc.wav,https://anonymousis23.github.io/UserStudy/PHONOS-TASLP26/accent_new/audio/ame2bri/S04__seedvc.wav,6.466757369614513,44f55a03203cb852def462862f2983792f9f1c43a7b592437e998e754793f4ca,audio/ame2bri/S04__tvtsyn_reconstruction.wav,https://anonymousis23.github.io/UserStudy/PHONOS-TASLP26/accent_new/audio/ame2bri/S04__tvtsyn_reconstruction.wav,6.64,4abaa31bbaef684e9f4113fd49081b071f6176442261c7d505592f42fc9266d6
ame2bri,American to British,american,british,Q008,AME007,7729,7729-102255-0019,TO EMBARRASS THIS DAMAGING EXPOSURE JUDGE LECOMPTE ISSUED A WRIT AGAINST THE EX GOVERNOR ON A FRIVOLOUS CHARGE OF CONTEMPT,/data/waris/code/PHONOSv2/evaluation/final/american/7729/wav/7729-102255-0019.wav,/data/waris/code/PHONOSv2/evaluation/matched_subjective/phonos_candidate_review/audio/ame2bri/AME007/r1_epoch13/slr83_southern_female_sof_03397.wav,/data/waris/code/PHONOSv2/evaluation/generated_samples/seedvc/full/ame2bri/slr83_southern_female_sof_04415/7729/7729-102255-0019.wav,/data/waris/code/PHONOSv2/evaluation/generated_samples/tvtsyn_reconstruction/full/american/7729/7729-102255-0019.wav,ame2bri::AME007::r1_epoch13::slr83_southern_female_sof_03397,r1_epoch13,slr83_southern_female_sof_03397,/data/waris/code/PHONOSv2/evaluation/speakers/bri/slr83_southern_female_sof_03397.wav,british_isles,99.67650175094604,4.602579,seedvc::ame2bri::slr83_southern_female_sof_04415::7729-102255-0019,slr83_southern_female_sof_04415,/data/waris/code/PHONOSv2/evaluation/speakers/bri/slr83_southern_female_sof_04415.wav,british_isles,1,4.6987643,tvtsyn::ame2bri::7729-102255-0019,north_american,1,4.5070267,ame2bri_S05,S05,audio/ame2bri/S05__original.wav,https://anonymousis23.github.io/UserStudy/PHONOS-TASLP26/accent_new/audio/ame2bri/S05__original.wav,8.93,bf8183741a4e62deb5888a92dd43e8253ec311d0d1ae61506179988e82ae6a25,audio/ame2bri/S05__phonos.wav,https://anonymousis23.github.io/UserStudy/PHONOS-TASLP26/accent_new/audio/ame2bri/S05__phonos.wav,8.94,8cbe86d7d489e06a60a3a27d66b8da2bcd5c80359afedc48b31995307455964e,audio/ame2bri/S05__seedvc.wav,https://anonymousis23.github.io/UserStudy/PHONOS-TASLP26/accent_new/audio/ame2bri/S05__seedvc.wav,8.544943310657596,8ab5568fa4e994e876d3df060f3637abe86e1b91d7789d2d6e55785c2909bd93,audio/ame2bri/S05__tvtsyn_reconstruction.wav,https://anonymousis23.github.io/UserStudy/PHONOS-TASLP26/accent_new/audio/ame2bri/S05__tvtsyn_reconstruction.wav,8.94,77cef0925b6a54f838f68e5e0ee0cfa627a6913f264069f54fd9aeb4d235f727
ame2bri,American to British,american,british,Q009,AME012,1089,1089-134686-0025,A GENTLE KICK FROM THE TALL BOY IN THE BENCH BEHIND URGED STEPHEN TO ASK A DIFFICULT QUESTION,/data/waris/code/PHONOSv2/evaluation/final/american/1089/wav/1089-134686-0025.wav,/data/waris/code/PHONOSv2/evaluation/matched_subjective/phonos_candidate_review/audio/ame2bri/AME012/r1_epoch13/slr83_southern_male_som_08784.wav,/data/waris/code/PHONOSv2/evaluation/generated_samples/seedvc/full/ame2bri/slr83_southern_male_som_08784/1089/1089-134686-0025.wav,/data/waris/code/PHONOSv2/evaluation/generated_samples/tvtsyn_reconstruction/full/american/1089/1089-134686-0025.wav,ame2bri::AME012::r1_epoch13::slr83_southern_male_som_08784,r1_epoch13,slr83_southern_male_som_08784,/data/waris/code/PHONOSv2/evaluation/speakers/bri/slr83_southern_male_som_08784.wav,british_isles,98.85241389274596,4.673462,seedvc::ame2bri::slr83_southern_male_som_08784::1089-134686-0025,slr83_southern_male_som_08784,/data/waris/code/PHONOSv2/evaluation/speakers/bri/slr83_southern_male_som_08784.wav,british_isles,1,4.6000304,tvtsyn::ame2bri::1089-134686-0025,north_american,1,4.5023513,ame2bri_S06,S06,audio/ame2bri/S06__original.wav,https://anonymousis23.github.io/UserStudy/PHONOS-TASLP26/accent_new/audio/ame2bri/S06__original.wav,6.61,08844bfb979ce8240f332032a4b86bed89703dcdb0379087e9747db278eb60dd,audio/ame2bri/S06__phonos.wav,https://anonymousis23.github.io/UserStudy/PHONOS-TASLP26/accent_new/audio/ame2bri/S06__phonos.wav,6.62,5e64660be9edfc424f711515719ff7529a7e556c28443be2d3a1bff0e028a607,audio/ame2bri/S06__seedvc.wav,https://anonymousis23.github.io/UserStudy/PHONOS-TASLP26/accent_new/audio/ame2bri/S06__seedvc.wav,6.896326530612245,e48ed799fdee0f976eb2b5c7d78f9077a27267de2890df59814e36263f283c96,audio/ame2bri/S06__tvtsyn_reconstruction.wav,https://anonymousis23.github.io/UserStudy/PHONOS-TASLP26/accent_new/audio/ame2bri/S06__tvtsyn_reconstruction.wav,6.62,0e05b346ea041d154beb4af86d24d12a56c9280ed5671225b9b223a7bf76202d
ame2bri,American to British,american,british,Q011,AME014,1284,1284-1180-0009,THEN THEY STARTED ON AGAIN AND TWO HOURS LATER CAME IN SIGHT OF THE HOUSE OF DOCTOR PIPT,/data/waris/code/PHONOSv2/evaluation/final/american/1284/wav/1284-1180-0009.wav,/data/waris/code/PHONOSv2/evaluation/matched_subjective/phonos_candidate_review/audio/ame2bri/AME014/r1_epoch13/slr83_southern_female_sof_03397.wav,/data/waris/code/PHONOSv2/evaluation/generated_samples/seedvc/full/ame2bri/slr83_southern_male_som_00610/1284/1284-1180-0009.wav,/data/waris/code/PHONOSv2/evaluation/generated_samples/tvtsyn_reconstruction/full/american/1284/1284-1180-0009.wav,ame2bri::AME014::r1_epoch13::slr83_southern_female_sof_03397,r1_epoch13,slr83_southern_female_sof_03397,/data/waris/code/PHONOSv2/evaluation/speakers/bri/slr83_southern_female_sof_03397.wav,british_isles,97.00541496276855,4.2319703,seedvc::ame2bri::slr83_southern_male_som_00610::1284-1180-0009,slr83_southern_male_som_00610,/data/waris/code/PHONOSv2/evaluation/speakers/bri/slr83_southern_male_som_00610.wav,north_american,0,3.7061098,tvtsyn::ame2bri::1284-1180-0009,north_american,1,4.142432,ame2bri_S07,S07,audio/ame2bri/S07__original.wav,https://anonymousis23.github.io/UserStudy/PHONOS-TASLP26/accent_new/audio/ame2bri/S07__original.wav,6.285,8e77c3802c363ee0d0acbbb5f579396b028d31edee1e06162abb800140425fa0,audio/ame2bri/S07__phonos.wav,https://anonymousis23.github.io/UserStudy/PHONOS-TASLP26/accent_new/audio/ame2bri/S07__phonos.wav,6.3,25f69e047d04145028e1d1d56e5720fc1eea98b909ef60a4fb8b4353a8f72b33,audio/ame2bri/S07__seedvc.wav,https://anonymousis23.github.io/UserStudy/PHONOS-TASLP26/accent_new/audio/ame2bri/S07__seedvc.wav,6.15328798185941,42346e1de42ebe59e74ea7f389658ac654d0d911b5429621ba602461faa7df10,audio/ame2bri/S07__tvtsyn_reconstruction.wav,https://anonymousis23.github.io/UserStudy/PHONOS-TASLP26/accent_new/audio/ame2bri/S07__tvtsyn_reconstruction.wav,6.3,29eaa25608ad22b54ed2d25073f17f33fe4d618b92c8a95bb3b890f324b01316
ame2bri,American to British,american,british,Q014,AME027,1320,1320-122617-0019,UNCAS OCCUPIED A DISTANT CORNER IN A RECLINING ATTITUDE BEING RIGIDLY BOUND BOTH HANDS AND FEET BY STRONG AND PAINFUL WITHES,/data/waris/code/PHONOSv2/evaluation/final/american/1320/wav/1320-122617-0019.wav,/data/waris/code/PHONOSv2/evaluation/matched_subjective/phonos_candidate_review/audio/ame2bri/AME027/r1_epoch13/slr83_southern_female_sof_03397.wav,/data/waris/code/PHONOSv2/evaluation/generated_samples/seedvc/full/ame2bri/slr83_southern_female_sof_03397/1320/1320-122617-0019.wav,/data/waris/code/PHONOSv2/evaluation/generated_samples/tvtsyn_reconstruction/full/american/1320/1320-122617-0019.wav,ame2bri::AME027::r1_epoch13::slr83_southern_female_sof_03397,r1_epoch13,slr83_southern_female_sof_03397,/data/waris/code/PHONOSv2/evaluation/speakers/bri/slr83_southern_female_sof_03397.wav,british_isles,98.1746792793274,4.5606465,seedvc::ame2bri::slr83_southern_female_sof_03397::1320-122617-0019,slr83_southern_female_sof_03397,/data/waris/code/PHONOSv2/evaluation/speakers/bri/slr83_southern_female_sof_03397.wav,australasian,0,4.172582,tvtsyn::ame2bri::1320-122617-0019,north_american,1,4.1596303,ame2bri_S08,S08,audio/ame2bri/S08__original.wav,https://anonymousis23.github.io/UserStudy/PHONOS-TASLP26/accent_new/audio/ame2bri/S08__original.wav,8.23,b32d2f28c39ad5e98d4b1ed30b4d06e1a03de5ee0e08f61bbe988868a123d173,audio/ame2bri/S08__phonos.wav,https://anonymousis23.github.io/UserStudy/PHONOS-TASLP26/accent_new/audio/ame2bri/S08__phonos.wav,8.24,8381ba021a68e06de96fb78d3f0be92b4cd312789e2a6069f96cf768f8271d26,audio/ame2bri/S08__seedvc.wav,https://anonymousis23.github.io/UserStudy/PHONOS-TASLP26/accent_new/audio/ame2bri/S08__seedvc.wav,8.092154195011338,85d01dfc077c58a9bf3be5be29a2f0ed9a35de9ce2844eede84a7cd8e2fc45bd,audio/ame2bri/S08__tvtsyn_reconstruction.wav,https://anonymousis23.github.io/UserStudy/PHONOS-TASLP26/accent_new/audio/ame2bri/S08__tvtsyn_reconstruction.wav,8.24,378ec479c6322a5207e311e42ab09d3cd34aa89605a71969231900be65d3dac6
ame2bri,American to British,american,british,Q016,AME029,2086,2086-149220-0017,AH BUT THESE HENS ANSWERED THE YOUNG MAN THESE HENS OF ARISTOCRATIC LINEAGE WOULD SCORN TO UNDERSTAND THE VULGAR LANGUAGE OF A BARN YARD FOWL,/data/waris/code/PHONOSv2/evaluation/final/american/2086/wav/2086-149220-0017.wav,/data/waris/code/PHONOSv2/evaluation/matched_subjective/phonos_candidate_review/audio/ame2bri/AME029/r1_epoch13/slr83_southern_female_sof_03397.wav,/data/waris/code/PHONOSv2/evaluation/generated_samples/seedvc/full/ame2bri/slr83_southern_male_som_08784/2086/2086-149220-0017.wav,/data/waris/code/PHONOSv2/evaluation/generated_samples/tvtsyn_reconstruction/full/american/2086/2086-149220-0017.wav,ame2bri::AME029::r1_epoch13::slr83_southern_female_sof_03397,r1_epoch13,slr83_southern_female_sof_03397,/data/waris/code/PHONOSv2/evaluation/speakers/bri/slr83_southern_female_sof_03397.wav,british_isles,99.89894032478333,4.7406073,seedvc::ame2bri::slr83_southern_male_som_08784::2086-149220-0017,slr83_southern_male_som_08784,/data/waris/code/PHONOSv2/evaluation/speakers/bri/slr83_southern_male_som_08784.wav,british_isles,1,4.643158,tvtsyn::ame2bri::2086-149220-0017,north_american,1,4.5655203,ame2bri_S09,S09,audio/ame2bri/S09__original.wav,https://anonymousis23.github.io/UserStudy/PHONOS-TASLP26/accent_new/audio/ame2bri/S09__original.wav,8.7,c1335f186faf81f3f2b582175cd773e510f2bbdf52f2f68d631e71232305c102,audio/ame2bri/S09__phonos.wav,https://anonymousis23.github.io/UserStudy/PHONOS-TASLP26/accent_new/audio/ame2bri/S09__phonos.wav,8.7,d779c353fe20af59b9ed0c9d4499ece2d5c893840a0250e677330f226eeca28d,audio/ame2bri/S09__seedvc.wav,https://anonymousis23.github.io/UserStudy/PHONOS-TASLP26/accent_new/audio/ame2bri/S09__seedvc.wav,8.835192743764173,824f3f76e00be3f0e505e9f0d53fb4c3faa77f717ed5c0487e858a43c8678f78,audio/ame2bri/S09__tvtsyn_reconstruction.wav,https://anonymousis23.github.io/UserStudy/PHONOS-TASLP26/accent_new/audio/ame2bri/S09__tvtsyn_reconstruction.wav,8.7,005ed03d7b3f139392ab5a07a7c36c26be8a563d601154326fdcfbc6b3dff19b
ame2bri,American to British,american,british,Q018,AME035,5338,5338-284437-0031,IN ALL OUR HISTORY YOU ARE THE FIRST PEOPLE FROM OUTSIDE OUR BORDERS WHO HAVE EVER STEPPED A FOOT IN OUR LAND,/data/waris/code/PHONOSv2/evaluation/final/american/5338/wav/5338-284437-0031.wav,/data/waris/code/PHONOSv2/evaluation/matched_subjective/phonos_candidate_review/audio/ame2bri/AME035/r3_epoch06/slr83_southern_female_sof_03397.wav,/data/waris/code/PHONOSv2/evaluation/generated_samples/seedvc/full/ame2bri/slr83_southern_female_sof_03397/5338/5338-284437-0031.wav,/data/waris/code/PHONOSv2/evaluation/generated_samples/tvtsyn_reconstruction/full/american/5338/5338-284437-0031.wav,ame2bri::AME035::r3_epoch06::slr83_southern_female_sof_03397,r3_epoch06,slr83_southern_female_sof_03397,/data/waris/code/PHONOSv2/evaluation/speakers/bri/slr83_southern_female_sof_03397.wav,british_isles,96.7631220817566,3.799655,seedvc::ame2bri::slr83_southern_female_sof_03397::5338-284437-0031,slr83_southern_female_sof_03397,/data/waris/code/PHONOSv2/evaluation/speakers/bri/slr83_southern_female_sof_03397.wav,british_isles,1,4.073677,tvtsyn::ame2bri::5338-284437-0031,north_american,1,4.0744667,ame2bri_S10,S10,audio/ame2bri/S10__original.wav,https://anonymousis23.github.io/UserStudy/PHONOS-TASLP26/accent_new/audio/ame2bri/S10__original.wav,7.75,7c482935e9727bbe51038292cebeec8a799217e0f3655b335401d8f25bbc3a2d,audio/ame2bri/S10__phonos.wav,https://anonymousis23.github.io/UserStudy/PHONOS-TASLP26/accent_new/audio/ame2bri/S10__phonos.wav,7.76,cab76493b261f51dd6fe4fe08dfc233bd456312f198849bc83c3ac693df2afb2,audio/ame2bri/S10__seedvc.wav,https://anonymousis23.github.io/UserStudy/PHONOS-TASLP26/accent_new/audio/ame2bri/S10__seedvc.wav,7.174965986394557,c91e9dfcefc20b0e7cda649b403db3dce8c2b89028bdb23b6e28d405e2b2c898,audio/ame2bri/S10__tvtsyn_reconstruction.wav,https://anonymousis23.github.io/UserStudy/PHONOS-TASLP26/accent_new/audio/ame2bri/S10__tvtsyn_reconstruction.wav,7.76,2291d40dbd7934ce73497a74bf1d5f5a8cc8711bb9779d2f4067a26c59d3e4ac
ame2ind,American to Indian,american,indian,Q001,AME001,251,251-118436-0005,THE MAN SHRUGGED HIS BROAD SHOULDERS AND TURNED BACK INTO THE ARABESQUE CHAMBER,/data/waris/code/PHONOSv2/evaluation/final/american/251/wav/251-118436-0005.wav,/data/waris/code/PHONOSv2/evaluation/matched_subjective/phonos_candidate_review/audio/ame2ind/AME001/r1_epoch13/Telu0088.wav,/data/waris/code/PHONOSv2/evaluation/generated_samples/seedvc/full/ame2ind/Telu0088/251/251-118436-0005.wav,/data/waris/code/PHONOSv2/evaluation/generated_samples/tvtsyn_reconstruction/full/american/251/251-118436-0005.wav,ame2ind::AME001::r1_epoch13::Telu0088,r1_epoch13,Telu0088,/data/waris/code/PHONOSv2/evaluation/speakers/ind/Telu0088.wav,south_asian,99.86913800239564,3.93201,seedvc::ame2ind::Telu0088::251-118436-0005,Telu0088,/data/waris/code/PHONOSv2/evaluation/speakers/ind/Telu0088.wav,south_asian,1,4.4255004,tvtsyn::ame2ind::251-118436-0005,north_american,1,4.835812,ame2ind_S01,S01,audio/ame2ind/S01__original.wav,https://anonymousis23.github.io/UserStudy/PHONOS-TASLP26/accent_new/audio/ame2ind/S01__original.wav,5.31,1c2c3eb9675d312c8c2918c2ee9e191a01f42c767cd9fb141bc868aa8fe86b3f,audio/ame2ind/S01__phonos.wav,https://anonymousis23.github.io/UserStudy/PHONOS-TASLP26/accent_new/audio/ame2ind/S01__phonos.wav,5.32,4b0f25fc5c66b30ed6b08b43a4af0f127d118aa9452308862b74840ca583d347,audio/ame2ind/S01__seedvc.wav,https://anonymousis23.github.io/UserStudy/PHONOS-TASLP26/accent_new/audio/ame2ind/S01__seedvc.wav,5.154829931972789,1a7aa2c6e0f35fa434f38f5431b157e3bbbcb93001f168134455b659c699dd62,audio/ame2ind/S01__tvtsyn_reconstruction.wav,https://anonymousis23.github.io/UserStudy/PHONOS-TASLP26/accent_new/audio/ame2ind/S01__tvtsyn_reconstruction.wav,5.32,5dfa2b6e6f86b66a8e11f2e0adf7eb9d663afc9310a46f86e4576c89625112ae
ame2ind,American to Indian,american,indian,Q005,AME008,5694,5694-64029-0007,I SOON FOUND OUT THAT HE HAD CAUGHT SIGHT OF THE RELIEF ON THE ROAD AND WAS AFRAID TO SHOOT I QUICKLY MADE UP MY MIND,/data/waris/code/PHONOSv2/evaluation/final/american/5694/wav/5694-64029-0007.wav,/data/waris/code/PHONOSv2/evaluation/matched_subjective/phonos_candidate_review/audio/ame2ind/AME008/r1_epoch13/Telu0088.wav,/data/waris/code/PHONOSv2/evaluation/generated_samples/seedvc/full/ame2ind/Hindi0000/5694/5694-64029-0007.wav,/data/waris/code/PHONOSv2/evaluation/generated_samples/tvtsyn_reconstruction/full/american/5694/5694-64029-0007.wav,ame2ind::AME008::r1_epoch13::Telu0088,r1_epoch13,Telu0088,/data/waris/code/PHONOSv2/evaluation/speakers/ind/Telu0088.wav,south_asian,97.68792986869812,4.0210214,seedvc::ame2ind::Hindi0000::5694-64029-0007,Hindi0000,/data/waris/code/PHONOSv2/evaluation/speakers/ind/Hindi0000.wav,south_asian,1,3.9822147,tvtsyn::ame2ind::5694-64029-0007,north_american,1,4.9541445,ame2ind_S02,S02,audio/ame2ind/S02__original.wav,https://anonymousis23.github.io/UserStudy/PHONOS-TASLP26/accent_new/audio/ame2ind/S02__original.wav,6.585,7ba57c7f53560bacc99ae3cf19fcfefac8825f083b68464143a3acd09717fb60,audio/ame2ind/S02__phonos.wav,https://anonymousis23.github.io/UserStudy/PHONOS-TASLP26/accent_new/audio/ame2ind/S02__phonos.wav,6.6,38ab2f3ae762d38cfc3f0db817a41241d562c9a2728237d51ef8dec52c9f4e29,audio/ame2ind/S02__seedvc.wav,https://anonymousis23.github.io/UserStudy/PHONOS-TASLP26/accent_new/audio/ame2ind/S02__seedvc.wav,7.082086167800454,7e7a40e7c6484aa9edca24516ee8e76033ab6ab17794603de39d46ad39904c76,audio/ame2ind/S02__tvtsyn_reconstruction.wav,https://anonymousis23.github.io/UserStudy/PHONOS-TASLP26/accent_new/audio/ame2ind/S02__tvtsyn_reconstruction.wav,6.6,bdc6567091591ca7e8b4e17896c1880c48b71d217e79f5c72c0452b38d20830f
ame2ind,American to Indian,american,indian,Q006,AME009,1272,1272-141231-0026,BREATHING DEEPLY BRION SOFTLY SPOKE THE AUTO HYPNOTIC PHRASES THAT TRIGGERED THE PROCESS,/data/waris/code/PHONOSv2/evaluation/final/american/1272/wav/1272-141231-0026.wav,/data/waris/code/PHONOSv2/evaluation/matched_subjective/phonos_candidate_review/audio/ame2ind/AME009/r3_epoch06/telugufemale.wav,/data/waris/code/PHONOSv2/evaluation/generated_samples/seedvc/full/ame2ind/telugufemale/1272/1272-141231-0026.wav,/data/waris/code/PHONOSv2/evaluation/generated_samples/tvtsyn_reconstruction/full/american/1272/1272-141231-0026.wav,ame2ind::AME009::r3_epoch06::telugufemale,r3_epoch06,telugufemale,/data/waris/code/PHONOSv2/evaluation/speakers/ind/telugufemale.wav,south_asian,99.33176040649414,4.106983,seedvc::ame2ind::telugufemale::1272-141231-0026,telugufemale,/data/waris/code/PHONOSv2/evaluation/speakers/ind/telugufemale.wav,south_asian,1,4.8918743,tvtsyn::ame2ind::1272-141231-0026,british_isles,0,3.876814,ame2ind_S03,S03,audio/ame2ind/S03__original.wav,https://anonymousis23.github.io/UserStudy/PHONOS-TASLP26/accent_new/audio/ame2ind/S03__original.wav,6.635,4a2ddfdfd71a7d3acbb0e520a9d5c6f0f55bc6bff814ffe147ae9175a98fb625,audio/ame2ind/S03__phonos.wav,https://anonymousis23.github.io/UserStudy/PHONOS-TASLP26/accent_new/audio/ame2ind/S03__phonos.wav,6.64,839885f361991ca14836c47aaa678ac88ba7fedd97df44c902ec273bcbd3ad98,audio/ame2ind/S03__seedvc.wav,https://anonymousis23.github.io/UserStudy/PHONOS-TASLP26/accent_new/audio/ame2ind/S03__seedvc.wav,6.582857142857143,bf6d9903107e401c28df0a930c9fc0e3604b980fc4972dc62a56219f87885966,audio/ame2ind/S03__tvtsyn_reconstruction.wav,https://anonymousis23.github.io/UserStudy/PHONOS-TASLP26/accent_new/audio/ame2ind/S03__tvtsyn_reconstruction.wav,6.64,4abaa31bbaef684e9f4113fd49081b071f6176442261c7d505592f42fc9266d6
ame2ind,American to Indian,american,indian,Q009,AME012,1089,1089-134686-0025,A GENTLE KICK FROM THE TALL BOY IN THE BENCH BEHIND URGED STEPHEN TO ASK A DIFFICULT QUESTION,/data/waris/code/PHONOSv2/evaluation/final/american/1089/wav/1089-134686-0025.wav,/data/waris/code/PHONOSv2/evaluation/matched_subjective/phonos_candidate_review/audio/ame2ind/AME012/r3_epoch06/telugufemale.wav,/data/waris/code/PHONOSv2/evaluation/generated_samples/seedvc/full/ame2ind/rajasthanimale/1089/1089-134686-0025.wav,/data/waris/code/PHONOSv2/evaluation/generated_samples/tvtsyn_reconstruction/full/american/1089/1089-134686-0025.wav,ame2ind::AME012::r3_epoch06::telugufemale,r3_epoch06,telugufemale,/data/waris/code/PHONOSv2/evaluation/speakers/ind/telugufemale.wav,south_asian,99.5438516139984,4.3463326,seedvc::ame2ind::rajasthanimale::1089-134686-0025,rajasthanimale,/data/waris/code/PHONOSv2/evaluation/speakers/ind/rajasthanimale.wav,south_asian,1,4.9954157,tvtsyn::ame2ind::1089-134686-0025,north_american,1,4.5023513,ame2ind_S04,S04,audio/ame2ind/S04__original.wav,https://anonymousis23.github.io/UserStudy/PHONOS-TASLP26/accent_new/audio/ame2ind/S04__original.wav,6.61,08844bfb979ce8240f332032a4b86bed89703dcdb0379087e9747db278eb60dd,audio/ame2ind/S04__phonos.wav,https://anonymousis23.github.io/UserStudy/PHONOS-TASLP26/accent_new/audio/ame2ind/S04__phonos.wav,6.62,49b4c5eb94c209df7a6a35d8c705ae3e37d7a5280e8d0a8e89904102d7bd5689,audio/ame2ind/S04__seedvc.wav,https://anonymousis23.github.io/UserStudy/PHONOS-TASLP26/accent_new/audio/ame2ind/S04__seedvc.wav,7.198185941043084,9c73e78c0c8c1d301f127e860e31ffb062f9f6c478fd3336d8c162c24e050168,audio/ame2ind/S04__tvtsyn_reconstruction.wav,https://anonymousis23.github.io/UserStudy/PHONOS-TASLP26/accent_new/audio/ame2ind/S04__tvtsyn_reconstruction.wav,6.62,0e05b346ea041d154beb4af86d24d12a56c9280ed5671225b9b223a7bf76202d
ame2ind,American to Indian,american,indian,Q010,AME026,2428,2428-83699-0007,I HAVE NEVER KNOWN A MADGE AND YET FROM MY BOYHOOD UPWARD I HAVE DESIRED TO MEET ONE,/data/waris/code/PHONOSv2/evaluation/final/american/2428/wav/2428-83699-0007.wav,/data/waris/code/PHONOSv2/evaluation/matched_subjective/phonos_candidate_review/audio/ame2ind/AME026/r6_epoch05/Telu0088.wav,/data/waris/code/PHONOSv2/evaluation/generated_samples/seedvc/full/ame2ind/Telu0088/2428/2428-83699-0007.wav,/data/waris/code/PHONOSv2/evaluation/generated_samples/tvtsyn_reconstruction/full/american/2428/2428-83699-0007.wav,ame2ind::AME026::r6_epoch05::Telu0088,r6_epoch05,Telu0088,/data/waris/code/PHONOSv2/evaluation/speakers/ind/Telu0088.wav,south_asian,96.21320366859436,4.1930046,seedvc::ame2ind::Telu0088::2428-83699-0007,Telu0088,/data/waris/code/PHONOSv2/evaluation/speakers/ind/Telu0088.wav,south_asian,1,4.838282,tvtsyn::ame2ind::2428-83699-0007,north_american,1,3.7215242,ame2ind_S05,S05,audio/ame2ind/S05__original.wav,https://anonymousis23.github.io/UserStudy/PHONOS-TASLP26/accent_new/audio/ame2ind/S05__original.wav,5.71,4e7e2642d8f4dd4593fcafe4adc22024e6fd9ddab005f4deff0e41b1e94b665f,audio/ame2ind/S05__phonos.wav,https://anonymousis23.github.io/UserStudy/PHONOS-TASLP26/accent_new/audio/ame2ind/S05__phonos.wav,5.72,859727c0b79021b2d2028280c3c3f6c6a7fcb995250ee37b48ffc789c53c88de,audio/ame2ind/S05__seedvc.wav,https://anonymousis23.github.io/UserStudy/PHONOS-TASLP26/accent_new/audio/ame2ind/S05__seedvc.wav,5.410249433106576,70cfe34386f5e916828afab74b5bdc887fcbf713a3e0ba8855811aec99faa0f8,audio/ame2ind/S05__tvtsyn_reconstruction.wav,https://anonymousis23.github.io/UserStudy/PHONOS-TASLP26/accent_new/audio/ame2ind/S05__tvtsyn_reconstruction.wav,5.72,c6a13b6c16a8e4271445a59e7225ff021a783b1f1fc8b0cc23b99934d08381d6
ame2ind,American to Indian,american,indian,Q012,AME014,1284,1284-1180-0009,THEN THEY STARTED ON AGAIN AND TWO HOURS LATER CAME IN SIGHT OF THE HOUSE OF DOCTOR PIPT,/data/waris/code/PHONOSv2/evaluation/final/american/1284/wav/1284-1180-0009.wav,/data/waris/code/PHONOSv2/evaluation/matched_subjective/phonos_candidate_review/audio/ame2ind/AME014/r1_epoch13/Telu0088.wav,/data/waris/code/PHONOSv2/evaluation/generated_samples/seedvc/full/ame2ind/telugufemale/1284/1284-1180-0009.wav,/data/waris/code/PHONOSv2/evaluation/generated_samples/tvtsyn_reconstruction/full/american/1284/1284-1180-0009.wav,ame2ind::AME014::r1_epoch13::Telu0088,r1_epoch13,Telu0088,/data/waris/code/PHONOSv2/evaluation/speakers/ind/Telu0088.wav,south_asian,99.46742057800292,4.2185564,seedvc::ame2ind::telugufemale::1284-1180-0009,telugufemale,/data/waris/code/PHONOSv2/evaluation/speakers/ind/telugufemale.wav,south_asian,1,4.7178445,tvtsyn::ame2ind::1284-1180-0009,north_american,1,4.142432,ame2ind_S06,S06,audio/ame2ind/S06__original.wav,https://anonymousis23.github.io/UserStudy/PHONOS-TASLP26/accent_new/audio/ame2ind/S06__original.wav,6.285,8e77c3802c363ee0d0acbbb5f579396b028d31edee1e06162abb800140425fa0,audio/ame2ind/S06__phonos.wav,https://anonymousis23.github.io/UserStudy/PHONOS-TASLP26/accent_new/audio/ame2ind/S06__phonos.wav,6.3,6035f383ab940792a1fa657e9a6a3f5ea6fc38d2b2558fbe8a228c99f9ae3e5e,audio/ame2ind/S06__seedvc.wav,https://anonymousis23.github.io/UserStudy/PHONOS-TASLP26/accent_new/audio/ame2ind/S06__seedvc.wav,6.733786848072563,80a5254cc265add8f4eb290e7a010f664e64d70fef18656aa8e67db9062a579f,audio/ame2ind/S06__tvtsyn_reconstruction.wav,https://anonymousis23.github.io/UserStudy/PHONOS-TASLP26/accent_new/audio/ame2ind/S06__tvtsyn_reconstruction.wav,6.3,29eaa25608ad22b54ed2d25073f17f33fe4d618b92c8a95bb3b890f324b01316
ame2ind,American to Indian,american,indian,Q013,AME022,3752,3752-4943-0000,HE HAD BEEN A CLERK IN A BANKING HOUSE AND WAS TRANSPORTED FOR EMBEZZLEMENT THOUGH BY SOME GRAVE DOUBTS AS TO HIS GUILT WERE ENTERTAINED,/data/waris/code/PHONOSv2/evaluation/final/american/3752/wav/3752-4943-0000.wav,/data/waris/code/PHONOSv2/evaluation/matched_subjective/phonos_candidate_review/audio/ame2ind/AME022/r1_epoch13/telugufemale.wav,/data/waris/code/PHONOSv2/evaluation/generated_samples/seedvc/full/ame2ind/Hindi0000/3752/3752-4943-0000.wav,/data/waris/code/PHONOSv2/evaluation/generated_samples/tvtsyn_reconstruction/full/american/3752/3752-4943-0000.wav,ame2ind::AME022::r1_epoch13::telugufemale,r1_epoch13,telugufemale,/data/waris/code/PHONOSv2/evaluation/speakers/ind/telugufemale.wav,south_asian,99.81127977371216,3.9948454,seedvc::ame2ind::Hindi0000::3752-4943-0000,Hindi0000,/data/waris/code/PHONOSv2/evaluation/speakers/ind/Hindi0000.wav,south_asian,1,3.945649,tvtsyn::ame2ind::3752-4943-0000,north_american,1,4.1199946,ame2ind_S07,S07,audio/ame2ind/S07__original.wav,https://anonymousis23.github.io/UserStudy/PHONOS-TASLP26/accent_new/audio/ame2ind/S07__original.wav,8.83,e24c561130110cfd17b0d434747193ee2089beebaefee240c41b2dac6f25ead4,audio/ame2ind/S07__phonos.wav,https://anonymousis23.github.io/UserStudy/PHONOS-TASLP26/accent_new/audio/ame2ind/S07__phonos.wav,8.84,49cc499ff6aca1fdacd02b02f6adb74239b6b219979eecd6cb0b10e9d04c2a44,audio/ame2ind/S07__seedvc.wav,https://anonymousis23.github.io/UserStudy/PHONOS-TASLP26/accent_new/audio/ame2ind/S07__seedvc.wav,9.32281179138322,dbaf2db3bcecbaf96c6ed70e60bfacfc7dea57bf43b5832c2887c73b6614fff9,audio/ame2ind/S07__tvtsyn_reconstruction.wav,https://anonymousis23.github.io/UserStudy/PHONOS-TASLP26/accent_new/audio/ame2ind/S07__tvtsyn_reconstruction.wav,8.84,2d17a90de29c90b991e5a37183cccd4d819d2f0e64b3adeed659677ad20bdbb4
ame2ind,American to Indian,american,indian,Q015,AME027,1320,1320-122617-0019,UNCAS OCCUPIED A DISTANT CORNER IN A RECLINING ATTITUDE BEING RIGIDLY BOUND BOTH HANDS AND FEET BY STRONG AND PAINFUL WITHES,/data/waris/code/PHONOSv2/evaluation/final/american/1320/wav/1320-122617-0019.wav,/data/waris/code/PHONOSv2/evaluation/matched_subjective/phonos_candidate_review/audio/ame2ind/AME027/r1_epoch13/Telu0088.wav,/data/waris/code/PHONOSv2/evaluation/generated_samples/seedvc/full/ame2ind/rajasthanimale/1320/1320-122617-0019.wav,/data/waris/code/PHONOSv2/evaluation/generated_samples/tvtsyn_reconstruction/full/american/1320/1320-122617-0019.wav,ame2ind::AME027::r1_epoch13::Telu0088,r1_epoch13,Telu0088,/data/waris/code/PHONOSv2/evaluation/speakers/ind/Telu0088.wav,south_asian,99.70996379852296,4.0148635,seedvc::ame2ind::rajasthanimale::1320-122617-0019,rajasthanimale,/data/waris/code/PHONOSv2/evaluation/speakers/ind/rajasthanimale.wav,south_asian,1,4.908493,tvtsyn::ame2ind::1320-122617-0019,north_american,1,4.1596303,ame2ind_S08,S08,audio/ame2ind/S08__original.wav,https://anonymousis23.github.io/UserStudy/PHONOS-TASLP26/accent_new/audio/ame2ind/S08__original.wav,8.23,b32d2f28c39ad5e98d4b1ed30b4d06e1a03de5ee0e08f61bbe988868a123d173,audio/ame2ind/S08__phonos.wav,https://anonymousis23.github.io/UserStudy/PHONOS-TASLP26/accent_new/audio/ame2ind/S08__phonos.wav,8.24,34eef5045fcb90a94c1c582eb55d4a0c69672e911d679c4d01102b805f6b4d2e,audio/ame2ind/S08__seedvc.wav,https://anonymousis23.github.io/UserStudy/PHONOS-TASLP26/accent_new/audio/ame2ind/S08__seedvc.wav,8.289523809523809,5d4ef6e69ea7bd25af0f5f5f8ad8dc4eca96379c6ff5af7aa5160864038a4e59,audio/ame2ind/S08__tvtsyn_reconstruction.wav,https://anonymousis23.github.io/UserStudy/PHONOS-TASLP26/accent_new/audio/ame2ind/S08__tvtsyn_reconstruction.wav,8.24,378ec479c6322a5207e311e42ab09d3cd34aa89605a71969231900be65d3dac6
ame2ind,American to Indian,american,indian,Q016,AME028,7021,7021-85628-0023,BUT WHEN HIS BIG BROTHER HEARD THAT HE HAD REFUSED TO GIVE HIS CAP FOR A KING'S GOLDEN CROWN HE SAID THAT ANDERS WAS A STUPID,/data/waris/code/PHONOSv2/evaluation/final/american/7021/wav/7021-85628-0023.wav,/data/waris/code/PHONOSv2/evaluation/matched_subjective/phonos_candidate_review/audio/ame2ind/AME028/r3_epoch06/telugufemale.wav,/data/waris/code/PHONOSv2/evaluation/generated_samples/seedvc/full/ame2ind/Hindi0000/7021/7021-85628-0023.wav,/data/waris/code/PHONOSv2/evaluation/generated_samples/tvtsyn_reconstruction/full/american/7021/7021-85628-0023.wav,ame2ind::AME028::r3_epoch06::telugufemale,r3_epoch06,telugufemale,/data/waris/code/PHONOSv2/evaluation/speakers/ind/telugufemale.wav,south_asian,99.83333945274352,4.0185986,seedvc::ame2ind::Hindi0000::7021-85628-0023,Hindi0000,/data/waris/code/PHONOSv2/evaluation/speakers/ind/Hindi0000.wav,south_asian,1,4.3661857,tvtsyn::ame2ind::7021-85628-0023,north_american,1,4.439444,ame2ind_S09,S09,audio/ame2ind/S09__original.wav,https://anonymousis23.github.io/UserStudy/PHONOS-TASLP26/accent_new/audio/ame2ind/S09__original.wav,9.03,2e0aeeb22538f04e3c5c89317fc9b7392c62ffda494d54f6e507f654f284a1bf,audio/ame2ind/S09__phonos.wav,https://anonymousis23.github.io/UserStudy/PHONOS-TASLP26/accent_new/audio/ame2ind/S09__phonos.wav,9.04,69f7293f3bef5bf65f5219afd2f3f744bf810a7f220cca034922d9563cb2aeba,audio/ame2ind/S09__seedvc.wav,https://anonymousis23.github.io/UserStudy/PHONOS-TASLP26/accent_new/audio/ame2ind/S09__seedvc.wav,9.636281179138322,b3db5a9aad440043304be64208749c00ba97d6a4c85302aa59bb69c284538cc2,audio/ame2ind/S09__tvtsyn_reconstruction.wav,https://anonymousis23.github.io/UserStudy/PHONOS-TASLP26/accent_new/audio/ame2ind/S09__tvtsyn_reconstruction.wav,9.04,74c38e3151275d063af982ef4d3f960aea672a36386117bff0ca5eb4884feb15
ame2ind,American to Indian,american,indian,Q018,AME036,5683,5683-32879-0014,YES SOMETHING EVERYTHING SAID RACHEL HURRIEDLY LOOKING FROWNINGLY AT A FLOWER WHICH SHE WAS TWIRLING IN HER FINGERS,/data/waris/code/PHONOSv2/evaluation/final/american/5683/wav/5683-32879-0014.wav,/data/waris/code/PHONOSv2/evaluation/matched_subjective/phonos_candidate_review/audio/ame2ind/AME036/r1_epoch13/Telu0088.wav,/data/waris/code/PHONOSv2/evaluation/generated_samples/seedvc/full/ame2ind/Telu0088/5683/5683-32879-0014.wav,/data/waris/code/PHONOSv2/evaluation/generated_samples/tvtsyn_reconstruction/full/american/5683/5683-32879-0014.wav,ame2ind::AME036::r1_epoch13::Telu0088,r1_epoch13,Telu0088,/data/waris/code/PHONOSv2/evaluation/speakers/ind/Telu0088.wav,south_asian,99.88941550254822,3.9587631,seedvc::ame2ind::Telu0088::5683-32879-0014,Telu0088,/data/waris/code/PHONOSv2/evaluation/speakers/ind/Telu0088.wav,south_asian,1,4.55389,tvtsyn::ame2ind::5683-32879-0014,north_american,1,4.3448977,ame2ind_S10,S10,audio/ame2ind/S10__original.wav,https://anonymousis23.github.io/UserStudy/PHONOS-TASLP26/accent_new/audio/ame2ind/S10__original.wav,8.405,4547f95dbea689491f6875d6bea3b03c67b5c1526286019f7dd56c4d1f2155ff,audio/ame2ind/S10__phonos.wav,https://anonymousis23.github.io/UserStudy/PHONOS-TASLP26/accent_new/audio/ame2ind/S10__phonos.wav,8.42,fcbaf273e849796c1ce3a3fa352ac49147d0fb7a1ed0650d16b1752b3c4a145d,audio/ame2ind/S10__seedvc.wav,https://anonymousis23.github.io/UserStudy/PHONOS-TASLP26/accent_new/audio/ame2ind/S10__seedvc.wav,8.452063492063493,a5dc2224587519957540ebe531faf1082f0c8da772ec38a6b923c23fc059c077,audio/ame2ind/S10__tvtsyn_reconstruction.wav,https://anonymousis23.github.io/UserStudy/PHONOS-TASLP26/accent_new/audio/ame2ind/S10__tvtsyn_reconstruction.wav,8.42,d7f3e41cb3651605ece44232b9130072a06784223a8a9576cfb7e344aa15c5ba
ame2spn,American to Spanish,american,spanish,Q002,AME002,8297,8297-275156-0008,BE THE RESULTS HOWEVER WHAT THEY MIGHT RANDAL COULD SEE BUT ONE PLAIN COURSE BEFORE HIM NOW,/data/waris/code/PHONOSv2/evaluation/final/american/8297/wav/8297-275156-0008.wav,/data/waris/code/PHONOSv2/evaluation/matched_subjective/phonos_candidate_review/audio/ame2spn/AME002/r6_epoch05/NJS.wav,/data/waris/code/PHONOSv2/evaluation/generated_samples/seedvc/full/ame2spn/MBMPS/8297/8297-275156-0008.wav,/data/waris/code/PHONOSv2/evaluation/generated_samples/tvtsyn_reconstruction/full/american/8297/8297-275156-0008.wav,ame2spn::AME002::r6_epoch05::NJS,r6_epoch05,NJS,/data/waris/code/PHONOSv2/evaluation/speakers/spn/NJS.wav,north_american,5.29786609113216,3.8441606,seedvc::ame2spn::MBMPS::8297-275156-0008,MBMPS,/data/waris/code/PHONOSv2/evaluation/speakers/spn/MBMPS.wav,north_american,0,4.2321963,tvtsyn::ame2spn::8297-275156-0008,north_american,1,4.2174416,ame2spn_S01,S01,audio/ame2spn/S01__original.wav,https://anonymousis23.github.io/UserStudy/PHONOS-TASLP26/accent_new/audio/ame2spn/S01__original.wav,7.84,f2db777d03e3412738d5bd4f8368a21da13fffbd5097ea7a291b58cd6a405871,audio/ame2spn/S01__phonos.wav,https://anonymousis23.github.io/UserStudy/PHONOS-TASLP26/accent_new/audio/ame2spn/S01__phonos.wav,7.84,ac3691965d91f451631f8948f9e41ab2fbf859f0b746b1bda2d01823bf452913,audio/ame2spn/S01__seedvc.wav,https://anonymousis23.github.io/UserStudy/PHONOS-TASLP26/accent_new/audio/ame2spn/S01__seedvc.wav,7.90639455782313,157c5f9a119a141205ba683af3bd4d9e03d9b4983f84a3ea0740dee71f1ee26a,audio/ame2spn/S01__tvtsyn_reconstruction.wav,https://anonymousis23.github.io/UserStudy/PHONOS-TASLP26/accent_new/audio/ame2spn/S01__tvtsyn_reconstruction.wav,7.84,5c9708c9ccad7ae6fd4a7349d31518445fc17cac0619b2473be67b4b1e9a5310
ame2spn,American to Spanish,american,spanish,Q007,AME015,3575,3575-170457-0003,SURELY IT MUST BE BECAUSE WE ARE IN DANGER OF LOVING EACH OTHER TOO WELL OF LOSING SIGHT OF THE CREATOR IN IDOLATRY OF THE CREATURE,/data/waris/code/PHONOSv2/evaluation/final/american/3575/wav/3575-170457-0003.wav,/data/waris/code/PHONOSv2/evaluation/matched_subjective/phonos_candidate_review/audio/ame2spn/AME015/r6_epoch05/EBVS.wav,/data/waris/code/PHONOSv2/evaluation/generated_samples/seedvc/full/ame2spn/NJS/3575/3575-170457-0003.wav,/data/waris/code/PHONOSv2/evaluation/generated_samples/tvtsyn_reconstruction/full/american/3575/3575-170457-0003.wav,ame2spn::AME015::r6_epoch05::EBVS,r6_epoch05,EBVS,/data/waris/code/PHONOSv2/evaluation/speakers/spn/EBVS.wav,north_american,15.59903919696808,4.027651,seedvc::ame2spn::NJS::3575-170457-0003,NJS,/data/waris/code/PHONOSv2/evaluation/speakers/spn/NJS.wav,north_american,0,4.5021834,tvtsyn::ame2spn::3575-170457-0003,north_american,1,4.5188365,ame2spn_S02,S02,audio/ame2spn/S02__original.wav,https://anonymousis23.github.io/UserStudy/PHONOS-TASLP26/accent_new/audio/ame2spn/S02__original.wav,7.595,0c75735b2969913a03107b955c97b09c35d7da60d4f0fd28958491d38248385f,audio/ame2spn/S02__phonos.wav,https://anonymousis23.github.io/UserStudy/PHONOS-TASLP26/accent_new/audio/ame2spn/S02__phonos.wav,7.6,2d8e90fab20ac4c31c234d969e4be0234887e6e790fb7abb38f256830f87f477,audio/ame2spn/S02__seedvc.wav,https://anonymousis23.github.io/UserStudy/PHONOS-TASLP26/accent_new/audio/ame2spn/S02__seedvc.wav,7.732244897959184,b866513db78e92622394775a2cf030dd17c77003523ae6ceae3814a6d33e3658,audio/ame2spn/S02__tvtsyn_reconstruction.wav,https://anonymousis23.github.io/UserStudy/PHONOS-TASLP26/accent_new/audio/ame2spn/S02__tvtsyn_reconstruction.wav,7.6,1cd1ee4875b45ac486b535897af29ba2a91f6e97ce3ee4a444383bb7893712ad
ame2spn,American to Spanish,american,spanish,Q008,AME007,7729,7729-102255-0019,TO EMBARRASS THIS DAMAGING EXPOSURE JUDGE LECOMPTE ISSUED A WRIT AGAINST THE EX GOVERNOR ON A FRIVOLOUS CHARGE OF CONTEMPT,/data/waris/code/PHONOSv2/evaluation/final/american/7729/wav/7729-102255-0019.wav,/data/waris/code/PHONOSv2/evaluation/matched_subjective/phonos_candidate_review/audio/ame2spn/AME007/r6_epoch05/ERMS.wav,/data/waris/code/PHONOSv2/evaluation/generated_samples/seedvc/full/ame2spn/ERMS/7729/7729-102255-0019.wav,/data/waris/code/PHONOSv2/evaluation/generated_samples/tvtsyn_reconstruction/full/american/7729/7729-102255-0019.wav,ame2spn::AME007::r6_epoch05::ERMS,r6_epoch05,ERMS,/data/waris/code/PHONOSv2/evaluation/speakers/spn/ERMS.wav,north_american,4.55765910446643,4.0548773,seedvc::ame2spn::ERMS::7729-102255-0019,ERMS,/data/waris/code/PHONOSv2/evaluation/speakers/spn/ERMS.wav,british_isles,0,4.86805,tvtsyn::ame2spn::7729-102255-0019,north_american,1,4.5070267,ame2spn_S03,S03,audio/ame2spn/S03__original.wav,https://anonymousis23.github.io/UserStudy/PHONOS-TASLP26/accent_new/audio/ame2spn/S03__original.wav,8.93,bf8183741a4e62deb5888a92dd43e8253ec311d0d1ae61506179988e82ae6a25,audio/ame2spn/S03__phonos.wav,https://anonymousis23.github.io/UserStudy/PHONOS-TASLP26/accent_new/audio/ame2spn/S03__phonos.wav,8.94,24d3ca3def49794a27d6de40fe88568f7f6e3ee51e91ef9b708243c1b6705000,audio/ame2spn/S03__seedvc.wav,https://anonymousis23.github.io/UserStudy/PHONOS-TASLP26/accent_new/audio/ame2spn/S03__seedvc.wav,8.858412698412698,ea24364f2fb8430526ca198baa13034ac2a990afe379f6262b4140694d380dc5,audio/ame2spn/S03__tvtsyn_reconstruction.wav,https://anonymousis23.github.io/UserStudy/PHONOS-TASLP26/accent_new/audio/ame2spn/S03__tvtsyn_reconstruction.wav,8.94,77cef0925b6a54f838f68e5e0ee0cfa627a6913f264069f54fd9aeb4d235f727
ame2spn,American to Spanish,american,spanish,Q009,AME012,1089,1089-134686-0025,A GENTLE KICK FROM THE TALL BOY IN THE BENCH BEHIND URGED STEPHEN TO ASK A DIFFICULT QUESTION,/data/waris/code/PHONOSv2/evaluation/final/american/1089/wav/1089-134686-0025.wav,/data/waris/code/PHONOSv2/evaluation/matched_subjective/phonos_candidate_review/audio/ame2spn/AME012/r6_epoch05/NJS.wav,/data/waris/code/PHONOSv2/evaluation/generated_samples/seedvc/full/ame2spn/NJS/1089/1089-134686-0025.wav,/data/waris/code/PHONOSv2/evaluation/generated_samples/tvtsyn_reconstruction/full/american/1089/1089-134686-0025.wav,ame2spn::AME012::r6_epoch05::NJS,r6_epoch05,NJS,/data/waris/code/PHONOSv2/evaluation/speakers/spn/NJS.wav,north_american,9.6586599946022,4.217363,seedvc::ame2spn::NJS::1089-134686-0025,NJS,/data/waris/code/PHONOSv2/evaluation/speakers/spn/NJS.wav,north_american,0,4.7842536,tvtsyn::ame2spn::1089-134686-0025,north_american,1,4.5023513,ame2spn_S04,S04,audio/ame2spn/S04__original.wav,https://anonymousis23.github.io/UserStudy/PHONOS-TASLP26/accent_new/audio/ame2spn/S04__original.wav,6.61,08844bfb979ce8240f332032a4b86bed89703dcdb0379087e9747db278eb60dd,audio/ame2spn/S04__phonos.wav,https://anonymousis23.github.io/UserStudy/PHONOS-TASLP26/accent_new/audio/ame2spn/S04__phonos.wav,6.62,7011c6b481fbcc96844e5fb59f3c5a02bc1ded3195882e3098f60e6f35ea4a5e,audio/ame2spn/S04__seedvc.wav,https://anonymousis23.github.io/UserStudy/PHONOS-TASLP26/accent_new/audio/ame2spn/S04__seedvc.wav,7.116916099773243,309654bbb2567dda3eb53b4defdacc91da4de54dcd2de2e946447f4d503a1a4d,audio/ame2spn/S04__tvtsyn_reconstruction.wav,https://anonymousis23.github.io/UserStudy/PHONOS-TASLP26/accent_new/audio/ame2spn/S04__tvtsyn_reconstruction.wav,6.62,0e05b346ea041d154beb4af86d24d12a56c9280ed5671225b9b223a7bf76202d
ame2spn,American to Spanish,american,spanish,Q011,AME018,7976,7976-105575-0022,A PERFECT BLAZE OF CLOSE RANGE MUSKETRY TOO MOWED THEM DOWN LIKE GRASS,/data/waris/code/PHONOSv2/evaluation/final/american/7976/wav/7976-105575-0022.wav,/data/waris/code/PHONOSv2/evaluation/matched_subjective/phonos_candidate_review/audio/ame2spn/AME018/r6_epoch05/NJS.wav,/data/waris/code/PHONOSv2/evaluation/generated_samples/seedvc/full/ame2spn/EBVS/7976/7976-105575-0022.wav,/data/waris/code/PHONOSv2/evaluation/generated_samples/tvtsyn_reconstruction/full/american/7976/7976-105575-0022.wav,ame2spn::AME018::r6_epoch05::NJS,r6_epoch05,NJS,/data/waris/code/PHONOSv2/evaluation/speakers/spn/NJS.wav,north_american,9.587381780147547,3.7797253,seedvc::ame2spn::EBVS::7976-105575-0022,EBVS,/data/waris/code/PHONOSv2/evaluation/speakers/spn/EBVS.wav,south_asian,0,4.8691015,tvtsyn::ame2spn::7976-105575-0022,north_american,1,4.128168,ame2spn_S05,S05,audio/ame2spn/S05__original.wav,https://anonymousis23.github.io/UserStudy/PHONOS-TASLP26/accent_new/audio/ame2spn/S05__original.wav,5.38,e5d9a68b1a3752a69794e12156aae129ba7e9496cfa6453cfbf0a2a4d4a31add,audio/ame2spn/S05__phonos.wav,https://anonymousis23.github.io/UserStudy/PHONOS-TASLP26/accent_new/audio/ame2spn/S05__phonos.wav,5.38,f4e072cd0bbe42a33e08d5193d711ab67296d60795b1ce920b59efa95a4ef92e,audio/ame2spn/S05__seedvc.wav,https://anonymousis23.github.io/UserStudy/PHONOS-TASLP26/accent_new/audio/ame2spn/S05__seedvc.wav,4.911020408163266,83fc6bdda9f87c5e9a8b3c677e46638e8731cf9a17126ac7747c36f73fe4746f,audio/ame2spn/S05__tvtsyn_reconstruction.wav,https://anonymousis23.github.io/UserStudy/PHONOS-TASLP26/accent_new/audio/ame2spn/S05__tvtsyn_reconstruction.wav,5.38,b12381c1cf8e523366e5829c4d01137c7a0045ed4c780b2e44849f7a05d58c47
ame2spn,American to Spanish,american,spanish,Q012,AME014,1284,1284-1180-0009,THEN THEY STARTED ON AGAIN AND TWO HOURS LATER CAME IN SIGHT OF THE HOUSE OF DOCTOR PIPT,/data/waris/code/PHONOSv2/evaluation/final/american/1284/wav/1284-1180-0009.wav,/data/waris/code/PHONOSv2/evaluation/matched_subjective/phonos_candidate_review/audio/ame2spn/AME014/r1_epoch13/EBVS.wav,/data/waris/code/PHONOSv2/evaluation/generated_samples/seedvc/full/ame2spn/EBVS/1284/1284-1180-0009.wav,/data/waris/code/PHONOSv2/evaluation/generated_samples/tvtsyn_reconstruction/full/american/1284/1284-1180-0009.wav,ame2spn::AME014::r1_epoch13::EBVS,r1_epoch13,EBVS,/data/waris/code/PHONOSv2/evaluation/speakers/spn/EBVS.wav,spanish,60.6069564819336,3.2947004,seedvc::ame2spn::EBVS::1284-1180-0009,EBVS,/data/waris/code/PHONOSv2/evaluation/speakers/spn/EBVS.wav,south_asian,0,4.689531,tvtsyn::ame2spn::1284-1180-0009,north_american,1,4.1422286,ame2spn_S06,S06,audio/ame2spn/S06__original.wav,https://anonymousis23.github.io/UserStudy/PHONOS-TASLP26/accent_new/audio/ame2spn/S06__original.wav,6.285,8e77c3802c363ee0d0acbbb5f579396b028d31edee1e06162abb800140425fa0,audio/ame2spn/S06__phonos.wav,https://anonymousis23.github.io/UserStudy/PHONOS-TASLP26/accent_new/audio/ame2spn/S06__phonos.wav,6.3,1d88e0d11ca0187cffca1f25ed1f0bedd9ec4977bbbac87df3b11f49476b2af5,audio/ame2spn/S06__seedvc.wav,https://anonymousis23.github.io/UserStudy/PHONOS-TASLP26/accent_new/audio/ame2spn/S06__seedvc.wav,6.489977324263038,21a14c15060461dd22edcaa5651b0b2e763c2ab1df59618bc465b07a1d46a58f,audio/ame2spn/S06__tvtsyn_reconstruction.wav,https://anonymousis23.github.io/UserStudy/PHONOS-TASLP26/accent_new/audio/ame2spn/S06__tvtsyn_reconstruction.wav,6.3,29eaa25608ad22b54ed2d25073f17f33fe4d618b92c8a95bb3b890f324b01316
ame2spn,American to Spanish,american,spanish,Q014,AME021,3170,3170-137482-0025,THEY DID NOT KNOW WHO I WAS AND DID NOT LIKE TO ASK ME WHILST I THOUGHT IT BETTER TO PRESERVE A MODEST SILENCE,/data/waris/code/PHONOSv2/evaluation/final/american/3170/wav/3170-137482-0025.wav,/data/waris/code/PHONOSv2/evaluation/matched_subjective/phonos_candidate_review/audio/ame2spn/AME021/r6_epoch05/EBVS.wav,/data/waris/code/PHONOSv2/evaluation/generated_samples/seedvc/full/ame2spn/EBVS/3170/3170-137482-0025.wav,/data/waris/code/PHONOSv2/evaluation/generated_samples/tvtsyn_reconstruction/full/american/3170/3170-137482-0025.wav,ame2spn::AME021::r6_epoch05::EBVS,r6_epoch05,EBVS,/data/waris/code/PHONOSv2/evaluation/speakers/spn/EBVS.wav,north_american,14.775426685810087,3.9109397,seedvc::ame2spn::EBVS::3170-137482-0025,EBVS,/data/waris/code/PHONOSv2/evaluation/speakers/spn/EBVS.wav,south_asian,0,4.7760534,tvtsyn::ame2spn::3170-137482-0025,north_american,1,4.2930226,ame2spn_S07,S07,audio/ame2spn/S07__original.wav,https://anonymousis23.github.io/UserStudy/PHONOS-TASLP26/accent_new/audio/ame2spn/S07__original.wav,7.445,5dc4b7835c7204fe1c084a01f72a23c3b1d2402abf21cd7f1a1db677434b1094,audio/ame2spn/S07__phonos.wav,https://anonymousis23.github.io/UserStudy/PHONOS-TASLP26/accent_new/audio/ame2spn/S07__phonos.wav,7.46,43416b89a83a0d7908a65cf255aeffeb79dbde21dfe1a84bf0e73c4cf70a77f3,audio/ame2spn/S07__seedvc.wav,https://anonymousis23.github.io/UserStudy/PHONOS-TASLP26/accent_new/audio/ame2spn/S07__seedvc.wav,7.453605442176871,1647ce1529c95dcf1c7947d2f1da0ab7730129b684eb2a6f73439fc93e815f7e,audio/ame2spn/S07__tvtsyn_reconstruction.wav,https://anonymousis23.github.io/UserStudy/PHONOS-TASLP26/accent_new/audio/ame2spn/S07__tvtsyn_reconstruction.wav,7.46,eaf4d932c12c8890ea55e1f07d5774105588968c48ffeba0df4d1ad553c0a659
ame2spn,American to Spanish,american,spanish,Q015,AME027,1320,1320-122617-0019,UNCAS OCCUPIED A DISTANT CORNER IN A RECLINING ATTITUDE BEING RIGIDLY BOUND BOTH HANDS AND FEET BY STRONG AND PAINFUL WITHES,/data/waris/code/PHONOSv2/evaluation/final/american/1320/wav/1320-122617-0019.wav,/data/waris/code/PHONOSv2/evaluation/matched_subjective/phonos_candidate_review/audio/ame2spn/AME027/r6_epoch05/NJS.wav,/data/waris/code/PHONOSv2/evaluation/generated_samples/seedvc/full/ame2spn/MBMPS/1320/1320-122617-0019.wav,/data/waris/code/PHONOSv2/evaluation/generated_samples/tvtsyn_reconstruction/full/american/1320/1320-122617-0019.wav,ame2spn::AME027::r6_epoch05::NJS,r6_epoch05,NJS,/data/waris/code/PHONOSv2/evaluation/speakers/spn/NJS.wav,north_american,4.11798022687435,4.020086,seedvc::ame2spn::MBMPS::1320-122617-0019,MBMPS,/data/waris/code/PHONOSv2/evaluation/speakers/spn/MBMPS.wav,north_american,0,4.776833,tvtsyn::ame2spn::1320-122617-0019,north_american,1,4.1596303,ame2spn_S08,S08,audio/ame2spn/S08__original.wav,https://anonymousis23.github.io/UserStudy/PHONOS-TASLP26/accent_new/audio/ame2spn/S08__original.wav,8.23,b32d2f28c39ad5e98d4b1ed30b4d06e1a03de5ee0e08f61bbe988868a123d173,audio/ame2spn/S08__phonos.wav,https://anonymousis23.github.io/UserStudy/PHONOS-TASLP26/accent_new/audio/ame2spn/S08__phonos.wav,8.24,a06b92ce0f574d016907a23da4bfc32e52eb67dd0f68b6a6e0502391799004da,audio/ame2spn/S08__seedvc.wav,https://anonymousis23.github.io/UserStudy/PHONOS-TASLP26/accent_new/audio/ame2spn/S08__seedvc.wav,8.475283446712018,cbabfff98818a7d4f77f5358afbe115add6283486ed48c168615c6a504965103,audio/ame2spn/S08__tvtsyn_reconstruction.wav,https://anonymousis23.github.io/UserStudy/PHONOS-TASLP26/accent_new/audio/ame2spn/S08__tvtsyn_reconstruction.wav,8.24,378ec479c6322a5207e311e42ab09d3cd34aa89605a71969231900be65d3dac6
ame2spn,American to Spanish,american,spanish,Q018,AME036,5683,5683-32879-0014,YES SOMETHING EVERYTHING SAID RACHEL HURRIEDLY LOOKING FROWNINGLY AT A FLOWER WHICH SHE WAS TWIRLING IN HER FINGERS,/data/waris/code/PHONOSv2/evaluation/final/american/5683/wav/5683-32879-0014.wav,/data/waris/code/PHONOSv2/evaluation/matched_subjective/phonos_candidate_review/audio/ame2spn/AME036/r6_epoch05/NJS.wav,/data/waris/code/PHONOSv2/evaluation/generated_samples/seedvc/full/ame2spn/NJS/5683/5683-32879-0014.wav,/data/waris/code/PHONOSv2/evaluation/generated_samples/tvtsyn_reconstruction/full/american/5683/5683-32879-0014.wav,ame2spn::AME036::r6_epoch05::NJS,r6_epoch05,NJS,/data/waris/code/PHONOSv2/evaluation/speakers/spn/NJS.wav,north_american,10.41541025042533,3.3923538,seedvc::ame2spn::NJS::5683-32879-0014,NJS,/data/waris/code/PHONOSv2/evaluation/speakers/spn/NJS.wav,north_american,0,4.499058,tvtsyn::ame2spn::5683-32879-0014,north_american,1,4.3448977,ame2spn_S09,S09,audio/ame2spn/S09__original.wav,https://anonymousis23.github.io/UserStudy/PHONOS-TASLP26/accent_new/audio/ame2spn/S09__original.wav,8.405,4547f95dbea689491f6875d6bea3b03c67b5c1526286019f7dd56c4d1f2155ff,audio/ame2spn/S09__phonos.wav,https://anonymousis23.github.io/UserStudy/PHONOS-TASLP26/accent_new/audio/ame2spn/S09__phonos.wav,8.42,1af1b8dee70e0c4dcb9124f6f0c61c0a220c5c13950037e2f0deb966dfa1d5be,audio/ame2spn/S09__seedvc.wav,https://anonymousis23.github.io/UserStudy/PHONOS-TASLP26/accent_new/audio/ame2spn/S09__seedvc.wav,8.231473922902495,ef4bf8b9c7487a329af1c843645dac20f0e5e6ca78013f0ba133d81c123f2bda,audio/ame2spn/S09__tvtsyn_reconstruction.wav,https://anonymousis23.github.io/UserStudy/PHONOS-TASLP26/accent_new/audio/ame2spn/S09__tvtsyn_reconstruction.wav,8.42,d7f3e41cb3651605ece44232b9130072a06784223a8a9576cfb7e344aa15c5ba
ame2spn,American to Spanish,american,spanish,Q020,AME037,2035,2035-152373-0010,THE KINGDOM OF NORTHUMBRIA AS THE NAME IMPLIES EMBRACED NEARLY ALL THE COUNTRY FROM THE HUMBER TO THE PICTISH BORDER,/data/waris/code/PHONOSv2/evaluation/final/american/2035/wav/2035-152373-0010.wav,/data/waris/code/PHONOSv2/evaluation/matched_subjective/phonos_candidate_review/audio/ame2spn/AME037/r6_epoch05/EBVS.wav,/data/waris/code/PHONOSv2/evaluation/generated_samples/seedvc/full/ame2spn/EBVS/2035/2035-152373-0010.wav,/data/waris/code/PHONOSv2/evaluation/generated_samples/tvtsyn_reconstruction/full/american/2035/2035-152373-0010.wav,ame2spn::AME037::r6_epoch05::EBVS,r6_epoch05,EBVS,/data/waris/code/PHONOSv2/evaluation/speakers/spn/EBVS.wav,british_isles,7.48729035258293,3.9015963,seedvc::ame2spn::EBVS::2035-152373-0010,EBVS,/data/waris/code/PHONOSv2/evaluation/speakers/spn/EBVS.wav,british_isles,0,4.815507,tvtsyn::ame2spn::2035-152373-0010,north_american,1,3.90541,ame2spn_S10,S10,audio/ame2spn/S10__original.wav,https://anonymousis23.github.io/UserStudy/PHONOS-TASLP26/accent_new/audio/ame2spn/S10__original.wav,7.6,79cfb710f1ff2089b14abc3c07d44bf210c6fd14d03fb227dec8372385295df1,audio/ame2spn/S10__phonos.wav,https://anonymousis23.github.io/UserStudy/PHONOS-TASLP26/accent_new/audio/ame2spn/S10__phonos.wav,7.6,d9e515722f5bcc1b1df2d55726620d87d56749179ac8e7e4a0a456347f5ce4d6,audio/ame2spn/S10__seedvc.wav,https://anonymousis23.github.io/UserStudy/PHONOS-TASLP26/accent_new/audio/ame2spn/S10__seedvc.wav,7.267845804988662,9bb8f97c879deefc8f36713e28898ddc2897aaa0cb1cb7a9fc84f669a38504e6,audio/ame2spn/S10__tvtsyn_reconstruction.wav,https://anonymousis23.github.io/UserStudy/PHONOS-TASLP26/accent_new/audio/ame2spn/S10__tvtsyn_reconstruction.wav,7.6,03c9505213104bf1071169e18ea19ebc7341abe2cc5bce68bc3c663eb31bff59
bri2ame,British to American,british,american,Q001,BRE001,f_02121,sof_02121_00159249525,MONTY PYTHON AND THE HOLY GRAIL IS SLAPSTICK COMEDY FILM CONCERNING THE ARTHURIAN LEGEND,/data/waris/code/PHONOSv2/evaluation/final/british/f_02121/wav/sof_02121_00159249525.wav,/data/waris/code/PHONOSv2/evaluation/matched_subjective/phonos_candidate_review/audio/bri2ame/BRE001/r1_epoch13/SLT.wav,/data/waris/code/PHONOSv2/evaluation/generated_samples/seedvc/full/bri2ame/CLB/f_02121/sof_02121_00159249525.wav,/data/waris/code/PHONOSv2/evaluation/generated_samples/tvtsyn_reconstruction/full/british/f_02121/sof_02121_00159249525.wav,bri2ame::BRE001::r1_epoch13::SLT,r1_epoch13,SLT,/data/waris/code/PHONOSv2/evaluation/speakers/ame/SLT.wav,australasian,0.17022085376083,4.738324,seedvc::bri2ame::CLB::sof_02121_00159249525,CLB,/data/waris/code/PHONOSv2/evaluation/speakers/ame/CLB.wav,north_american,1,4.834194,tvtsyn::bri2ame::sof_02121_00159249525,british_isles,1,4.9169292,bri2ame_S01,S01,audio/bri2ame/S01__original.wav,https://anonymousis23.github.io/UserStudy/PHONOS-TASLP26/accent_new/audio/bri2ame/S01__original.wav,5.8026875,5c4993eb03f55de112e2c0729914b6abdb1a8acbc8bf666a7d1a631431a1d7d2,audio/bri2ame/S01__phonos.wav,https://anonymousis23.github.io/UserStudy/PHONOS-TASLP26/accent_new/audio/bri2ame/S01__phonos.wav,5.82,6acfa6977294121d15d49405933cde96b1daa83b1d2a837b9fb9daa9b1f8d412,audio/bri2ame/S01__seedvc.wav,https://anonymousis23.github.io/UserStudy/PHONOS-TASLP26/accent_new/audio/bri2ame/S01__seedvc.wav,5.828208616780046,b46b4c11a97fd3414f8af3c00d4c3d7af68e0a45c655d2eb2e694f237b538e27,audio/bri2ame/S01__tvtsyn_reconstruction.wav,https://anonymousis23.github.io/UserStudy/PHONOS-TASLP26/accent_new/audio/bri2ame/S01__tvtsyn_reconstruction.wav,5.82,097631ef1296570542f9649d8dc28b0de3e79a5daa44697f13bc0419c89cd6a9
bri2ame,British to American,british,american,Q002,BRE002,f_08886,sof_08886_00875597339,JASMINE AND AIM VISITED CIARA AND OLIVER IN ST HELENS,/data/waris/code/PHONOSv2/evaluation/final/british/f_08886/wav/sof_08886_00875597339.wav,/data/waris/code/PHONOSv2/evaluation/matched_subjective/phonos_candidate_review/audio/bri2ame/BRE002/r6_epoch05/SLT.wav,/data/waris/code/PHONOSv2/evaluation/generated_samples/seedvc/full/bri2ame/RMS/f_08886/sof_08886_00875597339.wav,/data/waris/code/PHONOSv2/evaluation/generated_samples/tvtsyn_reconstruction/full/british/f_08886/sof_08886_00875597339.wav,bri2ame::BRE002::r6_epoch05::SLT,r6_epoch05,SLT,/data/waris/code/PHONOSv2/evaluation/speakers/ame/SLT.wav,australasian,5.04335239529609,4.8020115,seedvc::bri2ame::RMS::sof_08886_00875597339,RMS,/data/waris/code/PHONOSv2/evaluation/speakers/ame/RMS.wav,north_american,1,4.919505,tvtsyn::bri2ame::sof_08886_00875597339,british_isles,1,4.871617,bri2ame_S02,S02,audio/bri2ame/S02__original.wav,https://anonymousis23.github.io/UserStudy/PHONOS-TASLP26/accent_new/audio/bri2ame/S02__original.wav,5.632,2e587c5401a285ebc4f2b1e00fcfc2f1a944a5a5344c03ef7da2d69143ac6aec,audio/bri2ame/S02__phonos.wav,https://anonymousis23.github.io/UserStudy/PHONOS-TASLP26/accent_new/audio/bri2ame/S02__phonos.wav,5.64,d484c112309905d75dae39795f04f969b7d18fd463a3659e150f656ca5f76a71,audio/bri2ame/S02__seedvc.wav,https://anonymousis23.github.io/UserStudy/PHONOS-TASLP26/accent_new/audio/bri2ame/S02__seedvc.wav,5.561179138321996,0759276b2d5cb20a4581bf0548198e3a1d90be9a2510ffc754b4c6d605237c16,audio/bri2ame/S02__tvtsyn_reconstruction.wav,https://anonymousis23.github.io/UserStudy/PHONOS-TASLP26/accent_new/audio/bri2ame/S02__tvtsyn_reconstruction.wav,5.64,f08360383425799dc12d5d38b313576541dd0b004bc876ed9e4ebfc9d568f195
bri2ame,British to American,british,american,Q004,BRE050,f_03034,sof_03034_00648187652,IMAGINE YOU'RE RIDING A SLEIGH DOWN A STEEP AND BUMPY HILL,/data/waris/code/PHONOSv2/evaluation/final/british/f_03034/wav/sof_03034_00648187652.wav,/data/waris/code/PHONOSv2/evaluation/matched_subjective/phonos_candidate_review/audio/bri2ame/BRE050/r3_epoch06/CLB.wav,/data/waris/code/PHONOSv2/evaluation/generated_samples/seedvc/full/bri2ame/BDL/f_03034/sof_03034_00648187652.wav,/data/waris/code/PHONOSv2/evaluation/generated_samples/tvtsyn_reconstruction/full/british/f_03034/sof_03034_00648187652.wav,bri2ame::BRE050::r3_epoch06::CLB,r3_epoch06,CLB,/data/waris/code/PHONOSv2/evaluation/speakers/ame/CLB.wav,north_american,85.51653623580933,4.3128443,seedvc::bri2ame::BDL::sof_03034_00648187652,BDL,/data/waris/code/PHONOSv2/evaluation/speakers/ame/BDL.wav,north_american,1,4.750868,tvtsyn::bri2ame::sof_03034_00648187652,british_isles,1,4.5563955,bri2ame_S03,S03,audio/bri2ame/S03__original.wav,https://anonymousis23.github.io/UserStudy/PHONOS-TASLP26/accent_new/audio/bri2ame/S03__original.wav,5.0346875,19bcd115c8166cbc97ca9d1bf7b8a33c55dab4eb7eb506a25e7362621dc81b45,audio/bri2ame/S03__phonos.wav,https://anonymousis23.github.io/UserStudy/PHONOS-TASLP26/accent_new/audio/bri2ame/S03__phonos.wav,5.04,2437232ad60fa77aeba35fa85c90f834aa3ade65fcddc2c2b606c6db4c09f4c3,audio/bri2ame/S03__seedvc.wav,https://anonymousis23.github.io/UserStudy/PHONOS-TASLP26/accent_new/audio/bri2ame/S03__seedvc.wav,5.561179138321996,a6b6022f3e6cb797eb89e72cdd2020b187a18a4be9592deb6492776d0c080bc2,audio/bri2ame/S03__tvtsyn_reconstruction.wav,https://anonymousis23.github.io/UserStudy/PHONOS-TASLP26/accent_new/audio/bri2ame/S03__tvtsyn_reconstruction.wav,5.04,9cb8e9b0a4175253c77aff4e02336ea7caf06742d59d03dfafa52864b63ac81b
bri2ame,British to American,british,american,Q010,BRE046,m_01523,som_01523_00399822145,THEY WROTE VIOLENT CASES SIGNAL TO NOISE AND THE TRAGICAL COMEDY OR COMICAL TRAGEDY OF MISTER PUNCH,/data/waris/code/PHONOSv2/evaluation/final/british/m_01523/wav/som_01523_00399822145.wav,/data/waris/code/PHONOSv2/evaluation/matched_subjective/phonos_candidate_review/audio/bri2ame/BRE046/r3_epoch06/SLT.wav,/data/waris/code/PHONOSv2/evaluation/generated_samples/seedvc/full/bri2ame/CLB/m_01523/som_01523_00399822145.wav,/data/waris/code/PHONOSv2/evaluation/generated_samples/tvtsyn_reconstruction/full/british/m_01523/som_01523_00399822145.wav,bri2ame::BRE046::r3_epoch06::SLT,r3_epoch06,SLT,/data/waris/code/PHONOSv2/evaluation/speakers/ame/SLT.wav,australasian,0.18442427972331,4.8055534,seedvc::bri2ame::CLB::som_01523_00399822145,CLB,/data/waris/code/PHONOSv2/evaluation/speakers/ame/CLB.wav,north_american,1,4.545781,tvtsyn::bri2ame::som_01523_00399822145,british_isles,1,4.939578,bri2ame_S04,S04,audio/bri2ame/S04__original.wav,https://anonymousis23.github.io/UserStudy/PHONOS-TASLP26/accent_new/audio/bri2ame/S04__original.wav,7.424,9a1333de30c4cd673055541bacf1a274f9116c6782c21e136527a43a932c0e2f,audio/bri2ame/S04__phonos.wav,https://anonymousis23.github.io/UserStudy/PHONOS-TASLP26/accent_new/audio/bri2ame/S04__phonos.wav,7.44,528e1fb76bac98f93eedcd9a5dbed75be4e35c145bc9bc5a2b7bc11681bcab17,audio/bri2ame/S04__seedvc.wav,https://anonymousis23.github.io/UserStudy/PHONOS-TASLP26/accent_new/audio/bri2ame/S04__seedvc.wav,7.778684807256236,1afd7f9631f7018affe468a9dcc1d9dc020882cb7bbee4a8d65d691eff1a4905,audio/bri2ame/S04__tvtsyn_reconstruction.wav,https://anonymousis23.github.io/UserStudy/PHONOS-TASLP26/accent_new/audio/bri2ame/S04__tvtsyn_reconstruction.wav,7.44,eed9c41108e7d9f1f9f0c404c63d7b13f371fb4d454783f81fb14ea7fd717afd
bri2ame,British to American,british,american,Q011,BRE022,f_09334,sof_09334_00363794380,RETRAINING YOUR VOICE MODEL WILL UPDATE VOICE MATCH ON ALL YOUR ASSISTANT SPEAKERS,/data/waris/code/PHONOSv2/evaluation/final/british/f_09334/wav/sof_09334_00363794380.wav,/data/waris/code/PHONOSv2/evaluation/matched_subjective/phonos_candidate_review/audio/bri2ame/BRE022/r3_epoch06/CLB.wav,/data/waris/code/PHONOSv2/evaluation/generated_samples/seedvc/full/bri2ame/CLB/f_09334/sof_09334_00363794380.wav,/data/waris/code/PHONOSv2/evaluation/generated_samples/tvtsyn_reconstruction/full/british/f_09334/sof_09334_00363794380.wav,bri2ame::BRE022::r3_epoch06::CLB,r3_epoch06,CLB,/data/waris/code/PHONOSv2/evaluation/speakers/ame/CLB.wav,north_american,46.87615633010864,4.3256264,seedvc::bri2ame::CLB::sof_09334_00363794380,CLB,/data/waris/code/PHONOSv2/evaluation/speakers/ame/CLB.wav,north_american,1,4.610712,tvtsyn::bri2ame::sof_09334_00363794380,british_isles,1,4.0012054,bri2ame_S05,S05,audio/bri2ame/S05__original.wav,https://anonymousis23.github.io/UserStudy/PHONOS-TASLP26/accent_new/audio/bri2ame/S05__original.wav,5.205375,24ea7646c8144d7a0b19e724f3f6159c69ec159fe8b81748ddd7701ce4b5f71d,audio/bri2ame/S05__phonos.wav,https://anonymousis23.github.io/UserStudy/PHONOS-TASLP26/accent_new/audio/bri2ame/S05__phonos.wav,5.22,b713b887cea61212e54a07ea66433a8b86d2ddc0a44b23abd097e744f1307992,audio/bri2ame/S05__seedvc.wav,https://anonymousis23.github.io/UserStudy/PHONOS-TASLP26/accent_new/audio/bri2ame/S05__seedvc.wav,5.317369614512471,a12abf9b758ea69a4112ce765dec89415d050854544dc4e253504439060b28a9,audio/bri2ame/S05__tvtsyn_reconstruction.wav,https://anonymousis23.github.io/UserStudy/PHONOS-TASLP26/accent_new/audio/bri2ame/S05__tvtsyn_reconstruction.wav,5.22,9bd50d57b28d7f66c991a1f0a6977d6bf9c4ed1066ba8dac3b2d4e12feb60646
bri2ame,British to American,british,american,Q014,BRE025,f_04766,sof_04766_00321615824,SINCE YOU'RE NOT CHECKING MESSAGES FROM FACEBOOK FOR NEXT THIRTY MINUTES YOU'LL JUST HEAR A CHIME LIKE THIS,/data/waris/code/PHONOSv2/evaluation/final/british/f_04766/wav/sof_04766_00321615824.wav,/data/waris/code/PHONOSv2/evaluation/matched_subjective/phonos_candidate_review/audio/bri2ame/BRE025/r1_epoch13/RMS.wav,/data/waris/code/PHONOSv2/evaluation/generated_samples/seedvc/full/bri2ame/RMS/f_04766/sof_04766_00321615824.wav,/data/waris/code/PHONOSv2/evaluation/generated_samples/tvtsyn_reconstruction/full/british/f_04766/sof_04766_00321615824.wav,bri2ame::BRE025::r1_epoch13::RMS,r1_epoch13,RMS,/data/waris/code/PHONOSv2/evaluation/speakers/ame/RMS.wav,british_isles,4.01788726449012,4.0892773,seedvc::bri2ame::RMS::sof_04766_00321615824,RMS,/data/waris/code/PHONOSv2/evaluation/speakers/ame/RMS.wav,north_american,1,4.8625116,tvtsyn::bri2ame::sof_04766_00321615824,british_isles,1,4.8297567,bri2ame_S06,S06,audio/bri2ame/S06__original.wav,https://anonymousis23.github.io/UserStudy/PHONOS-TASLP26/accent_new/audio/bri2ame/S06__original.wav,6.0586875,a290d08a4802a5f5ee872f77162141cd9ec44b5c2344b2a36e0184816049d506,audio/bri2ame/S06__phonos.wav,https://anonymousis23.github.io/UserStudy/PHONOS-TASLP26/accent_new/audio/bri2ame/S06__phonos.wav,6.06,2c56c150e048bddbf6bf08d4d4f638e6ed30313e8d763e13dbf5d4eba49a0ca5,audio/bri2ame/S06__seedvc.wav,https://anonymousis23.github.io/UserStudy/PHONOS-TASLP26/accent_new/audio/bri2ame/S06__seedvc.wav,6.466757369614513,34c7bcebc5672e736607751551c8f731a08c4c5490c839255a72880b24c922f8,audio/bri2ame/S06__tvtsyn_reconstruction.wav,https://anonymousis23.github.io/UserStudy/PHONOS-TASLP26/accent_new/audio/bri2ame/S06__tvtsyn_reconstruction.wav,6.06,4ef65c9f16ab2e5dc13fc70e923244321cd667bce4e2f7de4c621288c95fda12
bri2ame,British to American,british,american,Q017,BRE053,f_06136,sof_06136_00152649904,ARISTOTLE THOUGHT THAT THE RAINBOW WAS CAUSED BY REFLECTION OF THE SUN S RAYS BY THE RAIN,/data/waris/code/PHONOSv2/evaluation/final/british/f_06136/wav/sof_06136_00152649904.wav,/data/waris/code/PHONOSv2/evaluation/matched_subjective/phonos_candidate_review/audio/bri2ame/BRE053/r1_epoch13/SLT.wav,/data/waris/code/PHONOSv2/evaluation/generated_samples/seedvc/full/bri2ame/SLT/f_06136/sof_06136_00152649904.wav,/data/waris/code/PHONOSv2/evaluation/generated_samples/tvtsyn_reconstruction/full/british/f_06136/sof_06136_00152649904.wav,bri2ame::BRE053::r1_epoch13::SLT,r1_epoch13,SLT,/data/waris/code/PHONOSv2/evaluation/speakers/ame/SLT.wav,british_isles,7.32951238751411,4.7038126,seedvc::bri2ame::SLT::sof_06136_00152649904,SLT,/data/waris/code/PHONOSv2/evaluation/speakers/ame/SLT.wav,north_american,1,4.2594485,tvtsyn::bri2ame::sof_06136_00152649904,british_isles,1,4.8244205,bri2ame_S07,S07,audio/bri2ame/S07__original.wav,https://anonymousis23.github.io/UserStudy/PHONOS-TASLP26/accent_new/audio/bri2ame/S07__original.wav,5.973375,750e862c6c47e31ba04322c71047ac4e6805735a901483cc27a6c64766da37da,audio/bri2ame/S07__phonos.wav,https://anonymousis23.github.io/UserStudy/PHONOS-TASLP26/accent_new/audio/bri2ame/S07__phonos.wav,5.98,87ac1fd3d2dc1be4c773c185c99ed3b5b9b62eeb1f4f466f3d71a696828c2881,audio/bri2ame/S07__seedvc.wav,https://anonymousis23.github.io/UserStudy/PHONOS-TASLP26/accent_new/audio/bri2ame/S07__seedvc.wav,7.128526077097506,e98a5f21172121b6aa24f4d81dadd936a94788b46693490be9685f2c48104ba1,audio/bri2ame/S07__tvtsyn_reconstruction.wav,https://anonymousis23.github.io/UserStudy/PHONOS-TASLP26/accent_new/audio/bri2ame/S07__tvtsyn_reconstruction.wav,5.98,0d7b19bcc27bae3be2de71d36021105091f788c251c37a13c13710163a732107
bri2ame,British to American,british,american,Q018,BRE020,m_06592,som_06592_00529433403,BUFFY THE VAMPIRE SLAYER IS AN AMERICAN FRANCHISE WHICH SPANS SEVERAL MEDIA AND GENRES,/data/waris/code/PHONOSv2/evaluation/final/british/m_06592/wav/som_06592_00529433403.wav,/data/waris/code/PHONOSv2/evaluation/matched_subjective/phonos_candidate_review/audio/bri2ame/BRE020/r1_epoch13/CLB.wav,/data/waris/code/PHONOSv2/evaluation/generated_samples/seedvc/full/bri2ame/RMS/m_06592/som_06592_00529433403.wav,/data/waris/code/PHONOSv2/evaluation/generated_samples/tvtsyn_reconstruction/full/british/m_06592/som_06592_00529433403.wav,bri2ame::BRE020::r1_epoch13::CLB,r1_epoch13,CLB,/data/waris/code/PHONOSv2/evaluation/speakers/ame/CLB.wav,north_american,95.27173042297365,4.0296135,seedvc::bri2ame::RMS::som_06592_00529433403,RMS,/data/waris/code/PHONOSv2/evaluation/speakers/ame/RMS.wav,australasian,0,4.8954535,tvtsyn::bri2ame::som_06592_00529433403,british_isles,1,4.7436457,bri2ame_S08,S08,audio/bri2ame/S08__original.wav,https://anonymousis23.github.io/UserStudy/PHONOS-TASLP26/accent_new/audio/bri2ame/S08__original.wav,7.936,2eaf100b3afa31de2c6af7987b0dc3d8529eb5e223fae0e570e8fbd44843768a,audio/bri2ame/S08__phonos.wav,https://anonymousis23.github.io/UserStudy/PHONOS-TASLP26/accent_new/audio/bri2ame/S08__phonos.wav,7.94,a0056fede9b4e9c31b839204ec6ae579f8c8e17056289a41f650bc82231f6bc7,audio/bri2ame/S08__seedvc.wav,https://anonymousis23.github.io/UserStudy/PHONOS-TASLP26/accent_new/audio/bri2ame/S08__seedvc.wav,8.301133786848073,be513201e35bf01ab1af907f5bd42beafbd705c0719e013e64cb076bb360e31e,audio/bri2ame/S08__tvtsyn_reconstruction.wav,https://anonymousis23.github.io/UserStudy/PHONOS-TASLP26/accent_new/audio/bri2ame/S08__tvtsyn_reconstruction.wav,7.94,0ec0ed4dba2ce8a9cdfc032a725951b54b88498f592a85af097622a29fcf2258
bri2ame,British to American,british,american,Q019,BRE024,m_09799,som_09799_01678717770,MAINTAINING THE RATIO THERE WERE SIX WINDOWS DOWN EACH SIDE AND TWO AT EITHER END,/data/waris/code/PHONOSv2/evaluation/final/british/m_09799/wav/som_09799_01678717770.wav,/data/waris/code/PHONOSv2/evaluation/matched_subjective/phonos_candidate_review/audio/bri2ame/BRE024/r1_epoch13/SLT.wav,/data/waris/code/PHONOSv2/evaluation/generated_samples/seedvc/full/bri2ame/BDL/m_09799/som_09799_01678717770.wav,/data/waris/code/PHONOSv2/evaluation/generated_samples/tvtsyn_reconstruction/full/british/m_09799/som_09799_01678717770.wav,bri2ame::BRE024::r1_epoch13::SLT,r1_epoch13,SLT,/data/waris/code/PHONOSv2/evaluation/speakers/ame/SLT.wav,australasian,0.2190144732594399,4.7118797,seedvc::bri2ame::BDL::som_09799_01678717770,BDL,/data/waris/code/PHONOSv2/evaluation/speakers/ame/BDL.wav,north_american,1,4.9178157,tvtsyn::bri2ame::som_09799_01678717770,british_isles,1,4.8016067,bri2ame_S09,S09,audio/bri2ame/S09__original.wav,https://anonymousis23.github.io/UserStudy/PHONOS-TASLP26/accent_new/audio/bri2ame/S09__original.wav,5.5466875,9e387aff2596a7877023ae4a3d30182ca5b253c8f54cc93a355b958c3a08347f,audio/bri2ame/S09__phonos.wav,https://anonymousis23.github.io/UserStudy/PHONOS-TASLP26/accent_new/audio/bri2ame/S09__phonos.wav,5.56,c4f3246d77e28500c04021f11f3fd7c5fd0f4c16dfbd77c72067b0400828c700,audio/bri2ame/S09__seedvc.wav,https://anonymousis23.github.io/UserStudy/PHONOS-TASLP26/accent_new/audio/bri2ame/S09__seedvc.wav,5.630839002267574,2cc95660e90b53f5d5ba5eb065529c9854a640a09a386c6071d4ef626be1f680,audio/bri2ame/S09__tvtsyn_reconstruction.wav,https://anonymousis23.github.io/UserStudy/PHONOS-TASLP26/accent_new/audio/bri2ame/S09__tvtsyn_reconstruction.wav,5.56,84bc464d3804d9558acc5a8021384ef6d0dd55d47de6b7cbc60f1e2502889dbb
bri2ame,British to American,british,american,Q020,BRE031,f_07060,sof_07060_00442867994,DECISION FATIGUE MAY ALSO LEAD TO CONSUMERS MAKING POOR CHOICES WITH THEIR PURCHASES,/data/waris/code/PHONOSv2/evaluation/final/british/f_07060/wav/sof_07060_00442867994.wav,/data/waris/code/PHONOSv2/evaluation/matched_subjective/phonos_candidate_review/audio/bri2ame/BRE031/r1_epoch13/RMS.wav,/data/waris/code/PHONOSv2/evaluation/generated_samples/seedvc/full/bri2ame/RMS/f_07060/sof_07060_00442867994.wav,/data/waris/code/PHONOSv2/evaluation/generated_samples/tvtsyn_reconstruction/full/british/f_07060/sof_07060_00442867994.wav,bri2ame::BRE031::r1_epoch13::RMS,r1_epoch13,RMS,/data/waris/code/PHONOSv2/evaluation/speakers/ame/RMS.wav,north_american,52.27853059768677,4.2415247,seedvc::bri2ame::RMS::sof_07060_00442867994,RMS,/data/waris/code/PHONOSv2/evaluation/speakers/ame/RMS.wav,north_american,1,4.8910594,tvtsyn::bri2ame::sof_07060_00442867994,british_isles,1,4.903288,bri2ame_S10,S10,audio/bri2ame/S10__original.wav,https://anonymousis23.github.io/UserStudy/PHONOS-TASLP26/accent_new/audio/bri2ame/S10__original.wav,5.205375,f7fc7f0af5b2ffa2dbf77c1e9b251d85fb1ace2557c99d036df43fba689c12fc,audio/bri2ame/S10__phonos.wav,https://anonymousis23.github.io/UserStudy/PHONOS-TASLP26/accent_new/audio/bri2ame/S10__phonos.wav,5.22,76060537db0982f13b11a97190707044f4299f11d09b14fc813b736f82d10250,audio/bri2ame/S10__seedvc.wav,https://anonymousis23.github.io/UserStudy/PHONOS-TASLP26/accent_new/audio/bri2ame/S10__seedvc.wav,5.340589569160998,461e1fa70c1e1313a79c8a6e403aba46de806bbe11a2182aef555e1c6a9d7669,audio/bri2ame/S10__tvtsyn_reconstruction.wav,https://anonymousis23.github.io/UserStudy/PHONOS-TASLP26/accent_new/audio/bri2ame/S10__tvtsyn_reconstruction.wav,5.22,b41c0733ce57793fddc9d7cc84d208531af706f89ffb1fbef0803f91cdfa5e47
ind2ame,Indian to American,indian,american,Q001,INE003,S_006449,00386629_000010.v2.vad,quill pens are still used today mainly by professional scribes and calligraphers.,/data/waris/code/PHONOSv2/evaluation/final/indian/S_006449/wav/00386629_000010.v2.vad.wav,/data/waris/code/PHONOSv2/evaluation/matched_subjective/phonos_candidate_review/audio/ind2ame/INE003/r1_epoch13/SLT.wav,/data/waris/code/PHONOSv2/evaluation/generated_samples/seedvc/full/ind2ame/SLT/S_006449/00386629_000010.v2.vad.wav,/data/waris/code/PHONOSv2/evaluation/generated_samples/tvtsyn_reconstruction/full/indian/S_006449/00386629_000010.v2.vad.wav,ind2ame::INE003::r1_epoch13::SLT,r1_epoch13,SLT,/data/waris/code/PHONOSv2/evaluation/speakers/ame/SLT.wav,north_american,47.78246879577636,4.712494,seedvc::ind2ame::SLT::00386629_000010.v2.vad,SLT,/data/waris/code/PHONOSv2/evaluation/speakers/ame/SLT.wav,north_american,1,4.7819366,tvtsyn::ind2ame::00386629_000010.v2.vad,south_asian,1,4.661025,ind2ame_S01,S01,audio/ind2ame/S01__original.wav,https://anonymousis23.github.io/UserStudy/PHONOS-TASLP26/accent_new/audio/ind2ame/S01__original.wav,5.276,38e73fe2af2db11ea52ab40d315d9ef411c170a9fa741ae5dd96b64542a02476,audio/ind2ame/S01__phonos.wav,https://anonymousis23.github.io/UserStudy/PHONOS-TASLP26/accent_new/audio/ind2ame/S01__phonos.wav,5.28,7d4a845b226836e78435e7c9eefbe7d4204c5a932f7efcca87c2eb7f134e0bd0,audio/ind2ame/S01__seedvc.wav,https://anonymousis23.github.io/UserStudy/PHONOS-TASLP26/accent_new/audio/ind2ame/S01__seedvc.wav,5.328979591836735,0da4f233bb8a1e4ac724485660363b469e7720b73a4520e1caedb1dcb7929374,audio/ind2ame/S01__tvtsyn_reconstruction.wav,https://anonymousis23.github.io/UserStudy/PHONOS-TASLP26/accent_new/audio/ind2ame/S01__tvtsyn_reconstruction.wav,5.28,e8950600547dc3cfdaf580400a4c3fc6c48df5df66f5e30ea632b0d73c46a4d7
ind2ame,Indian to American,indian,american,Q002,INE006,S_007619,00315300_000013.v2.vad,natalia lafourcade has also appeared on other songs with various other artists.,/data/waris/code/PHONOSv2/evaluation/final/indian/S_007619/wav/00315300_000013.v2.vad.wav,/data/waris/code/PHONOSv2/evaluation/matched_subjective/phonos_candidate_review/audio/ind2ame/INE006/r6_epoch05/RMS.wav,/data/waris/code/PHONOSv2/evaluation/generated_samples/seedvc/full/ind2ame/SLT/S_007619/00315300_000013.v2.vad.wav,/data/waris/code/PHONOSv2/evaluation/generated_samples/tvtsyn_reconstruction/full/indian/S_007619/00315300_000013.v2.vad.wav,ind2ame::INE006::r6_epoch05::RMS,r6_epoch05,RMS,/data/waris/code/PHONOSv2/evaluation/speakers/ame/RMS.wav,north_american,81.60398602485657,4.046078,seedvc::ind2ame::SLT::00315300_000013.v2.vad,SLT,/data/waris/code/PHONOSv2/evaluation/speakers/ame/SLT.wav,north_american,1,4.9397535,tvtsyn::ind2ame::00315300_000013.v2.vad,south_asian,1,4.850551,ind2ame_S02,S02,audio/ind2ame/S02__original.wav,https://anonymousis23.github.io/UserStudy/PHONOS-TASLP26/accent_new/audio/ind2ame/S02__original.wav,5.084,3c711600062d35f9438276e15a106ce6c9ff6605db4520c52574a314d3a33f5a,audio/ind2ame/S02__phonos.wav,https://anonymousis23.github.io/UserStudy/PHONOS-TASLP26/accent_new/audio/ind2ame/S02__phonos.wav,5.1,04a42b506090bea117fad2a438356a7719e0180a45b472561d5dc67f9cadfc9a,audio/ind2ame/S02__seedvc.wav,https://anonymousis23.github.io/UserStudy/PHONOS-TASLP26/accent_new/audio/ind2ame/S02__seedvc.wav,5.166439909297052,692e2500a03fc87238098006db3c963233882f71224f2c01ea7d4b03f44410c7,audio/ind2ame/S02__tvtsyn_reconstruction.wav,https://anonymousis23.github.io/UserStudy/PHONOS-TASLP26/accent_new/audio/ind2ame/S02__tvtsyn_reconstruction.wav,5.1,370ecc698c9cf8f1ee8cc22a6afd4bb9c9d7a203b3ae8102d52a123e59d10488
ind2ame,Indian to American,indian,american,Q003,INE045,S_013550,00289817_000011.v2.vad,the issuance of a tornado warning indicates that residents should take immediate safety precautions.,/data/waris/code/PHONOSv2/evaluation/final/indian/S_013550/wav/00289817_000011.v2.vad.wav,/data/waris/code/PHONOSv2/evaluation/matched_subjective/phonos_candidate_review/audio/ind2ame/INE045/r1_epoch13/SLT.wav,/data/waris/code/PHONOSv2/evaluation/generated_samples/seedvc/full/ind2ame/SLT/S_013550/00289817_000011.v2.vad.wav,/data/waris/code/PHONOSv2/evaluation/generated_samples/tvtsyn_reconstruction/full/indian/S_013550/00289817_000011.v2.vad.wav,ind2ame::INE045::r1_epoch13::SLT,r1_epoch13,SLT,/data/waris/code/PHONOSv2/evaluation/speakers/ame/SLT.wav,north_american,51.77318453788757,4.6858974,seedvc::ind2ame::SLT::00289817_000011.v2.vad,SLT,/data/waris/code/PHONOSv2/evaluation/speakers/ame/SLT.wav,north_american,1,4.659322,tvtsyn::ind2ame::00289817_000011.v2.vad,south_asian,1,4.91308,ind2ame_S03,S03,audio/ind2ame/S03__original.wav,https://anonymousis23.github.io/UserStudy/PHONOS-TASLP26/accent_new/audio/ind2ame/S03__original.wav,6.204,c0ffc14dd1b48f44af382639b64b468cf935fd09cda4710a8ac5ed93618e3854,audio/ind2ame/S03__phonos.wav,https://anonymousis23.github.io/UserStudy/PHONOS-TASLP26/accent_new/audio/ind2ame/S03__phonos.wav,6.22,8fc3d5c59a3672e5fca4c1456dc25e6e97bb351489ebd99346faf937b01f79ad,audio/ind2ame/S03__seedvc.wav,https://anonymousis23.github.io/UserStudy/PHONOS-TASLP26/accent_new/audio/ind2ame/S03__seedvc.wav,6.257777777777778,6e9c3212df303a32b6054501d202929e6800c24d55ccd243936d347b351e1dd3,audio/ind2ame/S03__tvtsyn_reconstruction.wav,https://anonymousis23.github.io/UserStudy/PHONOS-TASLP26/accent_new/audio/ind2ame/S03__tvtsyn_reconstruction.wav,6.22,f71a30aa06895e6c6191775f5d3e196890ebec58080e438012bfa5e0a634a0a6
ind2ame,Indian to American,indian,american,Q004,INE011,S_000224,00451058_000012.v2.vad,the number of archived stories quickly exploded from hundreds to thousands.,/data/waris/code/PHONOSv2/evaluation/final/indian/S_000224/wav/00451058_000012.v2.vad.wav,/data/waris/code/PHONOSv2/evaluation/matched_subjective/phonos_candidate_review/audio/ind2ame/INE011/r1_epoch13/SLT.wav,/data/waris/code/PHONOSv2/evaluation/generated_samples/seedvc/full/ind2ame/BDL/S_000224/00451058_000012.v2.vad.wav,/data/waris/code/PHONOSv2/evaluation/generated_samples/tvtsyn_reconstruction/full/indian/S_000224/00451058_000012.v2.vad.wav,ind2ame::INE011::r1_epoch13::SLT,r1_epoch13,SLT,/data/waris/code/PHONOSv2/evaluation/speakers/ame/SLT.wav,north_american,51.82972550392151,4.724655,seedvc::ind2ame::BDL::00451058_000012.v2.vad,BDL,/data/waris/code/PHONOSv2/evaluation/speakers/ame/BDL.wav,north_american,1,4.9050927,tvtsyn::ind2ame::00451058_000012.v2.vad,british_isles,0,4.5376787,ind2ame_S04,S04,audio/ind2ame/S04__original.wav,https://anonymousis23.github.io/UserStudy/PHONOS-TASLP26/accent_new/audio/ind2ame/S04__original.wav,5.052,8d248fd1f5d032230dd308c4c6de2eae3bb0ac68ed69f934edd63b60024b6528,audio/ind2ame/S04__phonos.wav,https://anonymousis23.github.io/UserStudy/PHONOS-TASLP26/accent_new/audio/ind2ame/S04__phonos.wav,5.06,f11b83f655a355f944b4fce500ca94d103cdf47d276fdd66595404b401a728b4,audio/ind2ame/S04__seedvc.wav,https://anonymousis23.github.io/UserStudy/PHONOS-TASLP26/accent_new/audio/ind2ame/S04__seedvc.wav,5.340589569160998,ab9c0dfbc6890e7851cac298f6e5697707dd15a850bf43c507c0600258c33c2f,audio/ind2ame/S04__tvtsyn_reconstruction.wav,https://anonymousis23.github.io/UserStudy/PHONOS-TASLP26/accent_new/audio/ind2ame/S04__tvtsyn_reconstruction.wav,5.06,23fd5f4cc16c3e716d787415abce57671a9b72f2baa87d9aa046ff42480aa102
ind2ame,Indian to American,indian,american,Q006,INE014,S_021107,00161295_000010.v2.vad,a mailman poses with his cart in front of a residential building.,/data/waris/code/PHONOSv2/evaluation/final/indian/S_021107/wav/00161295_000010.v2.vad.wav,/data/waris/code/PHONOSv2/evaluation/matched_subjective/phonos_candidate_review/audio/ind2ame/INE014/r1_epoch13/SLT.wav,/data/waris/code/PHONOSv2/evaluation/generated_samples/seedvc/full/ind2ame/SLT/S_021107/00161295_000010.v2.vad.wav,/data/waris/code/PHONOSv2/evaluation/generated_samples/tvtsyn_reconstruction/full/indian/S_021107/00161295_000010.v2.vad.wav,ind2ame::INE014::r1_epoch13::SLT,r1_epoch13,SLT,/data/waris/code/PHONOSv2/evaluation/speakers/ame/SLT.wav,north_american,47.41563498973846,4.771804,seedvc::ind2ame::SLT::00161295_000010.v2.vad,SLT,/data/waris/code/PHONOSv2/evaluation/speakers/ame/SLT.wav,north_american,1,4.4790254,tvtsyn::ind2ame::00161295_000010.v2.vad,south_asian,1,4.948899,ind2ame_S05,S05,audio/ind2ame/S05__original.wav,https://anonymousis23.github.io/UserStudy/PHONOS-TASLP26/accent_new/audio/ind2ame/S05__original.wav,5.724,2378c6cb12b065b7c59febd16c87241843a887b37f59239327c94f8805f6d693,audio/ind2ame/S05__phonos.wav,https://anonymousis23.github.io/UserStudy/PHONOS-TASLP26/accent_new/audio/ind2ame/S05__phonos.wav,5.74,18766463a8350e11294de331393a97328b4447812efa0d1b12b5bc9917bb04b0,audio/ind2ame/S05__seedvc.wav,https://anonymousis23.github.io/UserStudy/PHONOS-TASLP26/accent_new/audio/ind2ame/S05__seedvc.wav,5.5147392290249435,1ff322504443afaf86e4b570ca78b8976ed7d133286f86f4309af58cd2009708,audio/ind2ame/S05__tvtsyn_reconstruction.wav,https://anonymousis23.github.io/UserStudy/PHONOS-TASLP26/accent_new/audio/ind2ame/S05__tvtsyn_reconstruction.wav,5.74,7aeda8ec872a556f791ca4be923ab46dc19e8e792a0b55b8328cd416d7c5b0df
ind2ame,Indian to American,indian,american,Q007,INE019,S_011140,00369613_000022.v2.vad,constellations containing stars that rise and set were incorporated into early calendars or zodiacs.,/data/waris/code/PHONOSv2/evaluation/final/indian/S_011140/wav/00369613_000022.v2.vad.wav,/data/waris/code/PHONOSv2/evaluation/matched_subjective/phonos_candidate_review/audio/ind2ame/INE019/r6_epoch05/RMS.wav,/data/waris/code/PHONOSv2/evaluation/generated_samples/seedvc/full/ind2ame/SLT/S_011140/00369613_000022.v2.vad.wav,/data/waris/code/PHONOSv2/evaluation/generated_samples/tvtsyn_reconstruction/full/indian/S_011140/00369613_000022.v2.vad.wav,ind2ame::INE019::r6_epoch05::RMS,r6_epoch05,RMS,/data/waris/code/PHONOSv2/evaluation/speakers/ame/RMS.wav,north_american,91.17665886878969,4.2298045,seedvc::ind2ame::SLT::00369613_000022.v2.vad,SLT,/data/waris/code/PHONOSv2/evaluation/speakers/ame/SLT.wav,north_american,1,4.63085,tvtsyn::ind2ame::00369613_000022.v2.vad,south_asian,1,4.945293,ind2ame_S06,S06,audio/ind2ame/S06__original.wav,https://anonymousis23.github.io/UserStudy/PHONOS-TASLP26/accent_new/audio/ind2ame/S06__original.wav,6.7480625,011de88ed2ec4ddd93739994d6827c19b312a3c3154d639586b8743b6ea23a47,audio/ind2ame/S06__phonos.wav,https://anonymousis23.github.io/UserStudy/PHONOS-TASLP26/accent_new/audio/ind2ame/S06__phonos.wav,6.76,b7206a588a023cbff10a4bb292f7cae0c539456bd276cbfcabd7fc64a99bd9e7,audio/ind2ame/S06__seedvc.wav,https://anonymousis23.github.io/UserStudy/PHONOS-TASLP26/accent_new/audio/ind2ame/S06__seedvc.wav,6.594467120181406,2ac9603f68c10a2f20271efed6a081a43ca7800b458e7c916425cc8ba0f2649c,audio/ind2ame/S06__tvtsyn_reconstruction.wav,https://anonymousis23.github.io/UserStudy/PHONOS-TASLP26/accent_new/audio/ind2ame/S06__tvtsyn_reconstruction.wav,6.76,cbfe758b92cfb0e4cf28c69c5603186a1823474de3a52e27d8bfc43662426916
ind2ame,Indian to American,indian,american,Q008,INE021,S_020229,00435837_000009.v2.vad,they adopted a more traditional approach to black metal by incorporating raw characteristics.,/data/waris/code/PHONOSv2/evaluation/final/indian/S_020229/wav/00435837_000009.v2.vad.wav,/data/waris/code/PHONOSv2/evaluation/matched_subjective/phonos_candidate_review/audio/ind2ame/INE021/r6_epoch05/RMS.wav,/data/waris/code/PHONOSv2/evaluation/generated_samples/seedvc/full/ind2ame/BDL/S_020229/00435837_000009.v2.vad.wav,/data/waris/code/PHONOSv2/evaluation/generated_samples/tvtsyn_reconstruction/full/indian/S_020229/00435837_000009.v2.vad.wav,ind2ame::INE021::r6_epoch05::RMS,r6_epoch05,RMS,/data/waris/code/PHONOSv2/evaluation/speakers/ame/RMS.wav,north_american,81.12030625343323,4.348933,seedvc::ind2ame::BDL::00435837_000009.v2.vad,BDL,/data/waris/code/PHONOSv2/evaluation/speakers/ame/BDL.wav,north_american,1,4.9095287,tvtsyn::ind2ame::00435837_000009.v2.vad,south_asian,1,4.70295,ind2ame_S07,S07,audio/ind2ame/S07__original.wav,https://anonymousis23.github.io/UserStudy/PHONOS-TASLP26/accent_new/audio/ind2ame/S07__original.wav,5.02,d1b1ec0e9d752cccc7626b923b33be6f5dc5c9ef24b2048e784157ea0786f7d4,audio/ind2ame/S07__phonos.wav,https://anonymousis23.github.io/UserStudy/PHONOS-TASLP26/accent_new/audio/ind2ame/S07__phonos.wav,5.02,3c425af5564aff5d5e2f70cbbd5e33eabd4bb879fb88b65441c12ec80c8eda96,audio/ind2ame/S07__seedvc.wav,https://anonymousis23.github.io/UserStudy/PHONOS-TASLP26/accent_new/audio/ind2ame/S07__seedvc.wav,5.085170068027211,bce12147a0414633d9b6d2a914f5d0c2cab3ea513696dbe67d91b61e67452c9f,audio/ind2ame/S07__tvtsyn_reconstruction.wav,https://anonymousis23.github.io/UserStudy/PHONOS-TASLP26/accent_new/audio/ind2ame/S07__tvtsyn_reconstruction.wav,5.02,a3980795116b55f74c58cb8fb3ed6c01b15c70f6deb77f5ccbf6858fdfba50e7
ind2ame,Indian to American,indian,american,Q010,INE023,S_008532,00469932_000036.v2.vad,"his chief characteristics are extreme refinement and charm, poetic sentiment, and beauty of surface.",/data/waris/code/PHONOSv2/evaluation/final/indian/S_008532/wav/00469932_000036.v2.vad.wav,/data/waris/code/PHONOSv2/evaluation/matched_subjective/phonos_candidate_review/audio/ind2ame/INE023/r6_epoch05/RMS.wav,/data/waris/code/PHONOSv2/evaluation/generated_samples/seedvc/full/ind2ame/SLT/S_008532/00469932_000036.v2.vad.wav,/data/waris/code/PHONOSv2/evaluation/generated_samples/tvtsyn_reconstruction/full/indian/S_008532/00469932_000036.v2.vad.wav,ind2ame::INE023::r6_epoch05::RMS,r6_epoch05,RMS,/data/waris/code/PHONOSv2/evaluation/speakers/ame/RMS.wav,north_american,67.50439405441284,4.454605,seedvc::ind2ame::SLT::00469932_000036.v2.vad,SLT,/data/waris/code/PHONOSv2/evaluation/speakers/ame/SLT.wav,north_american,1,4.863022,tvtsyn::ind2ame::00469932_000036.v2.vad,south_asian,1,4.842827,ind2ame_S08,S08,audio/ind2ame/S08__original.wav,https://anonymousis23.github.io/UserStudy/PHONOS-TASLP26/accent_new/audio/ind2ame/S08__original.wav,6.364,d9baa65e01b1d87646de829b552341d704f4365dd681c10ccb49a0af0db08380,audio/ind2ame/S08__phonos.wav,https://anonymousis23.github.io/UserStudy/PHONOS-TASLP26/accent_new/audio/ind2ame/S08__phonos.wav,6.38,0145d3277c1c9526dc83286c0ce7271ea99be5e0a7267b08a45a5bbb51ded702,audio/ind2ame/S08__seedvc.wav,https://anonymousis23.github.io/UserStudy/PHONOS-TASLP26/accent_new/audio/ind2ame/S08__seedvc.wav,6.513197278911565,3fd504ca4a2e68f96fbf8c6fa5812f62ee3ad679095f0ce1d365af1482ef273a,audio/ind2ame/S08__tvtsyn_reconstruction.wav,https://anonymousis23.github.io/UserStudy/PHONOS-TASLP26/accent_new/audio/ind2ame/S08__tvtsyn_reconstruction.wav,6.38,2d64db4c2d47d82e922aa9c1e34e6fba65fdebb632bbf900c287cf08a4e48ca9
ind2ame,Indian to American,indian,american,Q015,INE038,S_001955,00452698_000006.v2.vad,he was educated at the university of arizona at tucson on a football scholarship.,/data/waris/code/PHONOSv2/evaluation/final/indian/S_001955/wav/00452698_000006.v2.vad.wav,/data/waris/code/PHONOSv2/evaluation/matched_subjective/phonos_candidate_review/audio/ind2ame/INE038/r6_epoch05/RMS.wav,/data/waris/code/PHONOSv2/evaluation/generated_samples/seedvc/full/ind2ame/RMS/S_001955/00452698_000006.v2.vad.wav,/data/waris/code/PHONOSv2/evaluation/generated_samples/tvtsyn_reconstruction/full/indian/S_001955/00452698_000006.v2.vad.wav,ind2ame::INE038::r6_epoch05::RMS,r6_epoch05,RMS,/data/waris/code/PHONOSv2/evaluation/speakers/ame/RMS.wav,australasian,8.98370817303657,4.1251616,seedvc::ind2ame::RMS::00452698_000006.v2.vad,RMS,/data/waris/code/PHONOSv2/evaluation/speakers/ame/RMS.wav,north_american,1,4.941568,tvtsyn::ind2ame::00452698_000006.v2.vad,australasian,0,3.9040344,ind2ame_S09,S09,audio/ind2ame/S09__original.wav,https://anonymousis23.github.io/UserStudy/PHONOS-TASLP26/accent_new/audio/ind2ame/S09__original.wav,5.7880625,359fd55aedbbba84554c267a9c04a3e7cc32965ab1c5a4e0cb5b4c42fa08354f,audio/ind2ame/S09__phonos.wav,https://anonymousis23.github.io/UserStudy/PHONOS-TASLP26/accent_new/audio/ind2ame/S09__phonos.wav,5.8,f63fb19aad3f810e0a0d49cfee28106db23b2b36146ea7769fa905f0d36e03f5,audio/ind2ame/S09__seedvc.wav,https://anonymousis23.github.io/UserStudy/PHONOS-TASLP26/accent_new/audio/ind2ame/S09__seedvc.wav,5.932698412698413,ee8f531c69c46d97786112a3f3333b263bd4e473fad309d1a391a337dc757dd6,audio/ind2ame/S09__tvtsyn_reconstruction.wav,https://anonymousis23.github.io/UserStudy/PHONOS-TASLP26/accent_new/audio/ind2ame/S09__tvtsyn_reconstruction.wav,5.8,058bd9896f6e8294865bbf100e8a75bc4627b62a48a7379bc41a410ae7120073
ind2ame,Indian to American,indian,american,Q016,INE010,S_009457,00485948_000074.v2.vad,blandy promptly ordered that all further decontamination work be discontinued.,/data/waris/code/PHONOSv2/evaluation/final/indian/S_009457/wav/00485948_000074.v2.vad.wav,/data/waris/code/PHONOSv2/evaluation/matched_subjective/phonos_candidate_review/audio/ind2ame/INE010/r6_epoch05/SLT.wav,/data/waris/code/PHONOSv2/evaluation/generated_samples/seedvc/full/ind2ame/SLT/S_009457/00485948_000074.v2.vad.wav,/data/waris/code/PHONOSv2/evaluation/generated_samples/tvtsyn_reconstruction/full/indian/S_009457/00485948_000074.v2.vad.wav,ind2ame::INE010::r6_epoch05::SLT,r6_epoch05,SLT,/data/waris/code/PHONOSv2/evaluation/speakers/ame/SLT.wav,north_american,47.21639454364776,4.2691536,seedvc::ind2ame::SLT::00485948_000074.v2.vad,SLT,/data/waris/code/PHONOSv2/evaluation/speakers/ame/SLT.wav,north_american,1,5.0002947,tvtsyn::ind2ame::00485948_000074.v2.vad,south_asian,1,4.289604,ind2ame_S10,S10,audio/ind2ame/S10__original.wav,https://anonymousis23.github.io/UserStudy/PHONOS-TASLP26/accent_new/audio/ind2ame/S10__original.wav,5.692,d82baf1c48740b507ec726bf7a96df13d6a84179ab60ffe63b257ad3808574a8,audio/ind2ame/S10__phonos.wav,https://anonymousis23.github.io/UserStudy/PHONOS-TASLP26/accent_new/audio/ind2ame/S10__phonos.wav,5.7,f3d7a0f1e60ef92b54cf36a1221376096df41fd0d6ac6c0a5ea30287e0d76ebd,audio/ind2ame/S10__seedvc.wav,https://anonymousis23.github.io/UserStudy/PHONOS-TASLP26/accent_new/audio/ind2ame/S10__seedvc.wav,5.6656689342403626,de7d146eb9cdc2781a1fc5d788fc75c9edf90c2a59c21f95b759481f2b4938b9,audio/ind2ame/S10__tvtsyn_reconstruction.wav,https://anonymousis23.github.io/UserStudy/PHONOS-TASLP26/accent_new/audio/ind2ame/S10__tvtsyn_reconstruction.wav,5.7,4f9b92f4e1cd783bbd02d8432e67a8fcfb9a11aa0507e91fe6c14ee6e1047356
spn2ame,Spanish to American,spanish,american,Q001,SPE002,EN_HfWbNslGHCI_SPEAKER_00,EN_HfWbNslGHCI_W000005,AS YOU CAN SEE SOFIT IS THE CURRENT LAYER BUT IF WE USE A DIMENSION,/data/waris/code/PHONOSv2/evaluation/final/spanish/EN_HfWbNslGHCI_SPEAKER_00/wav/EN_HfWbNslGHCI_W000005.wav,/data/waris/code/PHONOSv2/evaluation/matched_subjective/phonos_candidate_review/audio/spn2ame/SPE002/r1_epoch13/SLT.wav,/data/waris/code/PHONOSv2/evaluation/generated_samples/seedvc/full/spn2ame/BDL/EN_HfWbNslGHCI_SPEAKER_00/EN_HfWbNslGHCI_W000005.wav,/data/waris/code/PHONOSv2/evaluation/generated_samples/tvtsyn_reconstruction/full/spanish/EN_HfWbNslGHCI_SPEAKER_00/EN_HfWbNslGHCI_W000005.wav,spn2ame::SPE002::r1_epoch13::SLT,r1_epoch13,SLT,/data/waris/code/PHONOSv2/evaluation/speakers/ame/SLT.wav,north_american,31.76197111606598,4.7332344,seedvc::spn2ame::BDL::EN_HfWbNslGHCI_W000005,BDL,/data/waris/code/PHONOSv2/evaluation/speakers/ame/BDL.wav,north_american,1,4.744128,tvtsyn::spn2ame::EN_HfWbNslGHCI_W000005,spanish,1,4.3494816,spn2ame_S01,S01,audio/spn2ame/S01__original.wav,https://anonymousis23.github.io/UserStudy/PHONOS-TASLP26/accent_new/audio/spn2ame/S01__original.wav,5.535,7a3af39f4ee2b49afc304614df9ea69cc19253ccda16c8d55d9558a55086d02b,audio/spn2ame/S01__phonos.wav,https://anonymousis23.github.io/UserStudy/PHONOS-TASLP26/accent_new/audio/spn2ame/S01__phonos.wav,5.54,870ca5e174e8d235713798e2dc523c3a72481e631d526c4783fe62926a6fe0df,audio/spn2ame/S01__seedvc.wav,https://anonymousis23.github.io/UserStudy/PHONOS-TASLP26/accent_new/audio/spn2ame/S01__seedvc.wav,5.979138321995465,9a3fb0c8f95af48ccbde050bcb9e8849219a8b3999192d99ca0bde3c50f83bf2,audio/spn2ame/S01__tvtsyn_reconstruction.wav,https://anonymousis23.github.io/UserStudy/PHONOS-TASLP26/accent_new/audio/spn2ame/S01__tvtsyn_reconstruction.wav,5.54,63ae57ac986e1953a6319b1d01e330f7639b2f813e6a12f79b52dcabbf2d004c
spn2ame,Spanish to American,spanish,american,Q002,SPE005,EN_KettsRGcE68_SPEAKER_00,EN_KettsRGcE68_W000016,ANOTHER NEW ADDED GATE AND AS YOU CAN SEE FROM HERE THE RAILING GATES,/data/waris/code/PHONOSv2/evaluation/final/spanish/EN_KettsRGcE68_SPEAKER_00/wav/EN_KettsRGcE68_W000016.wav,/data/waris/code/PHONOSv2/evaluation/matched_subjective/phonos_candidate_review/audio/spn2ame/SPE005/r6_epoch05/RMS.wav,/data/waris/code/PHONOSv2/evaluation/generated_samples/seedvc/full/spn2ame/SLT/EN_KettsRGcE68_SPEAKER_00/EN_KettsRGcE68_W000016.wav,/data/waris/code/PHONOSv2/evaluation/generated_samples/tvtsyn_reconstruction/full/spanish/EN_KettsRGcE68_SPEAKER_00/EN_KettsRGcE68_W000016.wav,spn2ame::SPE005::r6_epoch05::RMS,r6_epoch05,RMS,/data/waris/code/PHONOSv2/evaluation/speakers/ame/RMS.wav,north_american,67.60895252227783,4.0520415,seedvc::spn2ame::SLT::EN_KettsRGcE68_W000016,SLT,/data/waris/code/PHONOSv2/evaluation/speakers/ame/SLT.wav,north_american,1,4.528443,tvtsyn::spn2ame::EN_KettsRGcE68_W000016,north_american,0,4.2059603,spn2ame_S02,S02,audio/spn2ame/S02__original.wav,https://anonymousis23.github.io/UserStudy/PHONOS-TASLP26/accent_new/audio/spn2ame/S02__original.wav,5.789,61cd15ba390ac6338d35c1f358321538bb78371d0363de870f3e3b3f67686cb7,audio/spn2ame/S02__phonos.wav,https://anonymousis23.github.io/UserStudy/PHONOS-TASLP26/accent_new/audio/spn2ame/S02__phonos.wav,5.8,39a0af46acdf0d854639b18a07cab79bfa66de9fe1a07ca7bfc8529cf6d05628,audio/spn2ame/S02__seedvc.wav,https://anonymousis23.github.io/UserStudy/PHONOS-TASLP26/accent_new/audio/spn2ame/S02__seedvc.wav,5.758548752834467,9938673383cd19d5730cfe4c32574677299352ceb3b528aae176257059b1c855,audio/spn2ame/S02__tvtsyn_reconstruction.wav,https://anonymousis23.github.io/UserStudy/PHONOS-TASLP26/accent_new/audio/spn2ame/S02__tvtsyn_reconstruction.wav,5.8,aa091fcf1042508537aa976680b122810208164ba8c6b120f024dac948d2a4a8
spn2ame,Spanish to American,spanish,american,Q003,SPE008,EN_pXdtaELXDkg_SPEAKER_17,EN_pXdtaELXDkg_W000092_0001,easier and that there is also ways for tracking the impact that each,/data/waris/code/PHONOSv2/evaluation/final/spanish/EN_pXdtaELXDkg_SPEAKER_17/wav/EN_pXdtaELXDkg_W000092_0001.wav,/data/waris/code/PHONOSv2/evaluation/matched_subjective/phonos_candidate_review/audio/spn2ame/SPE008/r6_epoch05/SLT.wav,/data/waris/code/PHONOSv2/evaluation/generated_samples/seedvc/full/spn2ame/SLT/EN_pXdtaELXDkg_SPEAKER_17/EN_pXdtaELXDkg_W000092_0001.wav,/data/waris/code/PHONOSv2/evaluation/generated_samples/tvtsyn_reconstruction/full/spanish/EN_pXdtaELXDkg_SPEAKER_17/EN_pXdtaELXDkg_W000092_0001.wav,spn2ame::SPE008::r6_epoch05::SLT,r6_epoch05,SLT,/data/waris/code/PHONOSv2/evaluation/speakers/ame/SLT.wav,spanish,27.35975682735443,4.2768927,seedvc::spn2ame::SLT::EN_pXdtaELXDkg_W000092_0001,SLT,/data/waris/code/PHONOSv2/evaluation/speakers/ame/SLT.wav,north_american,1,4.660597,tvtsyn::spn2ame::EN_pXdtaELXDkg_W000092_0001,spanish,1,4.352326,spn2ame_S03,S03,audio/spn2ame/S03__original.wav,https://anonymousis23.github.io/UserStudy/PHONOS-TASLP26/accent_new/audio/spn2ame/S03__original.wav,5.08,50608c0248f1b5c965cff4cbfc1ab9942ef1861a2792a2776bd1c211c7a16678,audio/spn2ame/S03__phonos.wav,https://anonymousis23.github.io/UserStudy/PHONOS-TASLP26/accent_new/audio/spn2ame/S03__phonos.wav,5.08,b03887209556ee8f8c8f3cd5605a86dda6828a38ed5cbd208074ed37ee934bdb,audio/spn2ame/S03__seedvc.wav,https://anonymousis23.github.io/UserStudy/PHONOS-TASLP26/accent_new/audio/spn2ame/S03__seedvc.wav,5.224489795918367,c7436bbc6a192d3c1bfc2fa6b17b827466eee253bf7026b0575496393434b80a,audio/spn2ame/S03__tvtsyn_reconstruction.wav,https://anonymousis23.github.io/UserStudy/PHONOS-TASLP26/accent_new/audio/spn2ame/S03__tvtsyn_reconstruction.wav,5.08,c86667311a17e621237b93c6249d875d3a7bad647005f098b7223fcc0907ee9f
spn2ame,Spanish to American,spanish,american,Q005,SPE011,EN_3pDr2_ksVj0_SPEAKER_01,EN_3pDr2_ksVj0_W000053,THE REQUEST WILL COME TO THE ROUTER RIGHT AND THEN THE ROUTER WILL SAY OH THIS IS A NEW SESSION I NEED TO SEND THIS TO THE QUEUE,/data/waris/code/PHONOSv2/evaluation/final/spanish/EN_3pDr2_ksVj0_SPEAKER_01/wav/EN_3pDr2_ksVj0_W000053.wav,/data/waris/code/PHONOSv2/evaluation/matched_subjective/phonos_candidate_review/audio/spn2ame/SPE011/r1_epoch13/SLT.wav,/data/waris/code/PHONOSv2/evaluation/generated_samples/seedvc/full/spn2ame/SLT/EN_3pDr2_ksVj0_SPEAKER_01/EN_3pDr2_ksVj0_W000053.wav,/data/waris/code/PHONOSv2/evaluation/generated_samples/tvtsyn_reconstruction/full/spanish/EN_3pDr2_ksVj0_SPEAKER_01/EN_3pDr2_ksVj0_W000053.wav,spn2ame::SPE011::r1_epoch13::SLT,r1_epoch13,SLT,/data/waris/code/PHONOSv2/evaluation/speakers/ame/SLT.wav,north_american,62.72910237312317,4.634283,seedvc::spn2ame::SLT::EN_3pDr2_ksVj0_W000053,SLT,/data/waris/code/PHONOSv2/evaluation/speakers/ame/SLT.wav,north_american,1,4.4523144,tvtsyn::spn2ame::EN_3pDr2_ksVj0_W000053,spanish,1,4.2991905,spn2ame_S04,S04,audio/spn2ame/S04__original.wav,https://anonymousis23.github.io/UserStudy/PHONOS-TASLP26/accent_new/audio/spn2ame/S04__original.wav,8.115,26eb5a94047390cf144256f92ec76813cdb9ab0698948c8dea86106a7a40a105,audio/spn2ame/S04__phonos.wav,https://anonymousis23.github.io/UserStudy/PHONOS-TASLP26/accent_new/audio/spn2ame/S04__phonos.wav,8.12,63e4536d17143f437fa0a37c2f414c2ed37123a21328c13e84d981518bc380f9,audio/spn2ame/S04__seedvc.wav,https://anonymousis23.github.io/UserStudy/PHONOS-TASLP26/accent_new/audio/spn2ame/S04__seedvc.wav,8.359183673469389,9c342b756d989554a6c6d5ebfb8215f7eefb69604bf71461ede6546ff3b024d4,audio/spn2ame/S04__tvtsyn_reconstruction.wav,https://anonymousis23.github.io/UserStudy/PHONOS-TASLP26/accent_new/audio/spn2ame/S04__tvtsyn_reconstruction.wav,8.12,9d122e8016b9938e77eed1561b3b62845195df42c422cbb4a71d50996373ec30
spn2ame,Spanish to American,spanish,american,Q007,SPE018,EN_-wK9F2th9T0_SPEAKER_03,EN_-wK9F2th9T0_W000069,AND I THOUGHT THIS DETAIL WOULD BE INTERESTING TO SHOW AND I GOT QUITE A LOT OF RESPONSE,/data/waris/code/PHONOSv2/evaluation/final/spanish/EN_-wK9F2th9T0_SPEAKER_03/wav/EN_-wK9F2th9T0_W000069.wav,/data/waris/code/PHONOSv2/evaluation/matched_subjective/phonos_candidate_review/audio/spn2ame/SPE018/r1_epoch13/SLT.wav,/data/waris/code/PHONOSv2/evaluation/generated_samples/seedvc/full/spn2ame/RMS/EN_-wK9F2th9T0_SPEAKER_03/EN_-wK9F2th9T0_W000069.wav,/data/waris/code/PHONOSv2/evaluation/generated_samples/tvtsyn_reconstruction/full/spanish/EN_-wK9F2th9T0_SPEAKER_03/EN_-wK9F2th9T0_W000069.wav,spn2ame::SPE018::r1_epoch13::SLT,r1_epoch13,SLT,/data/waris/code/PHONOSv2/evaluation/speakers/ame/SLT.wav,north_american,22.120001912117,4.7042713,seedvc::spn2ame::RMS::EN_-wK9F2th9T0_W000069,RMS,/data/waris/code/PHONOSv2/evaluation/speakers/ame/RMS.wav,british_isles,0,4.896794,tvtsyn::spn2ame::EN_-wK9F2th9T0_W000069,spanish,1,3.2975721,spn2ame_S05,S05,audio/spn2ame/S05__original.wav,https://anonymousis23.github.io/UserStudy/PHONOS-TASLP26/accent_new/audio/spn2ame/S05__original.wav,6.028,088176adbdb9117adfa4a79550c84422735ad7ad04e6a1910f1cfaaef5ac1e81,audio/spn2ame/S05__phonos.wav,https://anonymousis23.github.io/UserStudy/PHONOS-TASLP26/accent_new/audio/spn2ame/S05__phonos.wav,6.04,510bd972b28766be3d254c34e054ad0e39e5333114fb25e8dca7787b84d8e545,audio/spn2ame/S05__seedvc.wav,https://anonymousis23.github.io/UserStudy/PHONOS-TASLP26/accent_new/audio/spn2ame/S05__seedvc.wav,6.315827664399093,242b261cbe9ea955cf3c8c65575b69cdc698c1aa85459986f1bc8c0bf42d484b,audio/spn2ame/S05__tvtsyn_reconstruction.wav,https://anonymousis23.github.io/UserStudy/PHONOS-TASLP26/accent_new/audio/spn2ame/S05__tvtsyn_reconstruction.wav,6.04,43495a025abcf9e7971ca7b6217673f8d149777702531b1b7c26824414d1a6e3
spn2ame,Spanish to American,spanish,american,Q008,SPE017,EN_7vGQLMaLmcQ_SPEAKER_00,EN_7vGQLMaLmcQ_W000001_0001,project is about sustainable food in nursery schools in spain,/data/waris/code/PHONOSv2/evaluation/final/spanish/EN_7vGQLMaLmcQ_SPEAKER_00/wav/EN_7vGQLMaLmcQ_W000001_0001.wav,/data/waris/code/PHONOSv2/evaluation/matched_subjective/phonos_candidate_review/audio/spn2ame/SPE017/r3_epoch06/SLT.wav,/data/waris/code/PHONOSv2/evaluation/generated_samples/seedvc/full/spn2ame/BDL/EN_7vGQLMaLmcQ_SPEAKER_00/EN_7vGQLMaLmcQ_W000001_0001.wav,/data/waris/code/PHONOSv2/evaluation/generated_samples/tvtsyn_reconstruction/full/spanish/EN_7vGQLMaLmcQ_SPEAKER_00/EN_7vGQLMaLmcQ_W000001_0001.wav,spn2ame::SPE017::r3_epoch06::SLT,r3_epoch06,SLT,/data/waris/code/PHONOSv2/evaluation/speakers/ame/SLT.wav,north_american,72.2236692905426,4.6963177,seedvc::spn2ame::BDL::EN_7vGQLMaLmcQ_W000001_0001,BDL,/data/waris/code/PHONOSv2/evaluation/speakers/ame/BDL.wav,australasian,0,4.583028,tvtsyn::spn2ame::EN_7vGQLMaLmcQ_W000001_0001,spanish,1,3.4195745,spn2ame_S06,S06,audio/spn2ame/S06__original.wav,https://anonymousis23.github.io/UserStudy/PHONOS-TASLP26/accent_new/audio/spn2ame/S06__original.wav,5.3,9298164489ef04e6a020ed5877d67c2ffa744d0b4c87867ba60736495a4ecad2,audio/spn2ame/S06__phonos.wav,https://anonymousis23.github.io/UserStudy/PHONOS-TASLP26/accent_new/audio/spn2ame/S06__phonos.wav,5.3,9e60c522be4622bdfc092c9f1540fea74691cee40f1f2e1910ba6cb8290e1fcf,audio/spn2ame/S06__seedvc.wav,https://anonymousis23.github.io/UserStudy/PHONOS-TASLP26/accent_new/audio/spn2ame/S06__seedvc.wav,5.630839002267574,14cdef243056ea289820586fcc12f7b1ab67367b46c7981a73892bf7ec3f75d0,audio/spn2ame/S06__tvtsyn_reconstruction.wav,https://anonymousis23.github.io/UserStudy/PHONOS-TASLP26/accent_new/audio/spn2ame/S06__tvtsyn_reconstruction.wav,5.3,4e8c414b4c8b3eb8067161f93fc34a0f104de77c5b496b5c318363d254be0449
spn2ame,Spanish to American,spanish,american,Q011,SPE026,EN_5JMgvROwUW8_SPEAKER_00,EN_5JMgvROwUW8_W000121,BEING WITH US TODAY AND SORRY FOR FORGETTING TO RECORD A LESSON BUT NEVERTHELESS WE STILL HAVE THIS POST INTRODUCTION OF THE WHOLE LESSON,/data/waris/code/PHONOSv2/evaluation/final/spanish/EN_5JMgvROwUW8_SPEAKER_00/wav/EN_5JMgvROwUW8_W000121.wav,/data/waris/code/PHONOSv2/evaluation/matched_subjective/phonos_candidate_review/audio/spn2ame/SPE026/r3_epoch06/SLT.wav,/data/waris/code/PHONOSv2/evaluation/generated_samples/seedvc/full/spn2ame/CLB/EN_5JMgvROwUW8_SPEAKER_00/EN_5JMgvROwUW8_W000121.wav,/data/waris/code/PHONOSv2/evaluation/generated_samples/tvtsyn_reconstruction/full/spanish/EN_5JMgvROwUW8_SPEAKER_00/EN_5JMgvROwUW8_W000121.wav,spn2ame::SPE026::r3_epoch06::SLT,r3_epoch06,SLT,/data/waris/code/PHONOSv2/evaluation/speakers/ame/SLT.wav,north_american,48.58405292034149,4.1480846,seedvc::spn2ame::CLB::EN_5JMgvROwUW8_W000121,CLB,/data/waris/code/PHONOSv2/evaluation/speakers/ame/CLB.wav,north_american,1,4.2726545,tvtsyn::spn2ame::EN_5JMgvROwUW8_W000121,spanish,1,4.1836715,spn2ame_S07,S07,audio/spn2ame/S07__original.wav,https://anonymousis23.github.io/UserStudy/PHONOS-TASLP26/accent_new/audio/spn2ame/S07__original.wav,8.896,0fcae2342a19c2e2e034b0ef5199c2f52dc803512d488da620a0b77da9b9fcce,audio/spn2ame/S07__phonos.wav,https://anonymousis23.github.io/UserStudy/PHONOS-TASLP26/accent_new/audio/spn2ame/S07__phonos.wav,8.9,1d768bb5d8b6217e868c8de1e8adbba772de81f04a457d77fdfa0580e9b427f9,audio/spn2ame/S07__seedvc.wav,https://anonymousis23.github.io/UserStudy/PHONOS-TASLP26/accent_new/audio/spn2ame/S07__seedvc.wav,9.729160997732427,750ab12fe0ce8678349757059fb6a568a0705554114fa64fc273c871eb269802,audio/spn2ame/S07__tvtsyn_reconstruction.wav,https://anonymousis23.github.io/UserStudy/PHONOS-TASLP26/accent_new/audio/spn2ame/S07__tvtsyn_reconstruction.wav,8.9,b8ae4fe859d7d2c97a057f4300bb7aedae154484c5314c4dccbea04282483395
spn2ame,Spanish to American,spanish,american,Q012,SPE058,EN_8oMYmbRdCog_SPEAKER_00,EN_8oMYmbRdCog_W000005,I REALIZED AFTER BEING IN TAIWAN ALMOST YEARS HOW SOPHISTICATED THE PEOPLE HAS BECOME REALLY,/data/waris/code/PHONOSv2/evaluation/final/spanish/EN_8oMYmbRdCog_SPEAKER_00/wav/EN_8oMYmbRdCog_W000005.wav,/data/waris/code/PHONOSv2/evaluation/matched_subjective/phonos_candidate_review/audio/spn2ame/SPE058/r6_epoch05/RMS.wav,/data/waris/code/PHONOSv2/evaluation/generated_samples/seedvc/full/spn2ame/BDL/EN_8oMYmbRdCog_SPEAKER_00/EN_8oMYmbRdCog_W000005.wav,/data/waris/code/PHONOSv2/evaluation/generated_samples/tvtsyn_reconstruction/full/spanish/EN_8oMYmbRdCog_SPEAKER_00/EN_8oMYmbRdCog_W000005.wav,spn2ame::SPE058::r6_epoch05::RMS,r6_epoch05,RMS,/data/waris/code/PHONOSv2/evaluation/speakers/ame/RMS.wav,north_american,50.74607729911804,4.0184627,seedvc::spn2ame::BDL::EN_8oMYmbRdCog_W000005,BDL,/data/waris/code/PHONOSv2/evaluation/speakers/ame/BDL.wav,north_american,1,4.9049096,tvtsyn::spn2ame::EN_8oMYmbRdCog_W000005,spanish,1,2.4767277,spn2ame_S08,S08,audio/spn2ame/S08__original.wav,https://anonymousis23.github.io/UserStudy/PHONOS-TASLP26/accent_new/audio/spn2ame/S08__original.wav,6.716,dc206d95515c08dc5fa16e8bae20afdfe380078bbf434ff52822de144d93affe,audio/spn2ame/S08__phonos.wav,https://anonymousis23.github.io/UserStudy/PHONOS-TASLP26/accent_new/audio/spn2ame/S08__phonos.wav,6.72,5bb09c17762836e49ca94b14885fc1b7803cc8810ef0e635b636ab01dccb8648,audio/spn2ame/S08__seedvc.wav,https://anonymousis23.github.io/UserStudy/PHONOS-TASLP26/accent_new/audio/spn2ame/S08__seedvc.wav,7.082086167800454,81dab1ebe17f78a2374008be939d170ef43a3733141a28766a918b16020cbdfb,audio/spn2ame/S08__tvtsyn_reconstruction.wav,https://anonymousis23.github.io/UserStudy/PHONOS-TASLP26/accent_new/audio/spn2ame/S08__tvtsyn_reconstruction.wav,6.72,dbc3e9741ca1fa9989bae4c17c4b1e9a84e9686bbcce8d3051c815a940b79b7e
spn2ame,Spanish to American,spanish,american,Q013,SPE056,EN_xHHTlxYqRs4_SPEAKER_00,EN_xHHTlxYqRs4_W000012,IT EXACERBATES STIGMA PREJUDICE AND STEREOTYPES BUT NOTICE VOICES BETTER,/data/waris/code/PHONOSv2/evaluation/final/spanish/EN_xHHTlxYqRs4_SPEAKER_00/wav/EN_xHHTlxYqRs4_W000012.wav,/data/waris/code/PHONOSv2/evaluation/matched_subjective/phonos_candidate_review/audio/spn2ame/SPE056/r1_epoch13/SLT.wav,/data/waris/code/PHONOSv2/evaluation/generated_samples/seedvc/full/spn2ame/RMS/EN_xHHTlxYqRs4_SPEAKER_00/EN_xHHTlxYqRs4_W000012.wav,/data/waris/code/PHONOSv2/evaluation/generated_samples/tvtsyn_reconstruction/full/spanish/EN_xHHTlxYqRs4_SPEAKER_00/EN_xHHTlxYqRs4_W000012.wav,spn2ame::SPE056::r1_epoch13::SLT,r1_epoch13,SLT,/data/waris/code/PHONOSv2/evaluation/speakers/ame/SLT.wav,north_american,62.72075772285461,4.5104537,seedvc::spn2ame::RMS::EN_xHHTlxYqRs4_W000012,RMS,/data/waris/code/PHONOSv2/evaluation/speakers/ame/RMS.wav,north_american,1,4.9258857,tvtsyn::spn2ame::EN_xHHTlxYqRs4_W000012,southeast_asian,0,3.4899237,spn2ame_S09,S09,audio/spn2ame/S09__original.wav,https://anonymousis23.github.io/UserStudy/PHONOS-TASLP26/accent_new/audio/spn2ame/S09__original.wav,5.739,87ccdd3ce53ef1f8b2a676a0506563e3792a036c4b27c14eede57414c160c599,audio/spn2ame/S09__phonos.wav,https://anonymousis23.github.io/UserStudy/PHONOS-TASLP26/accent_new/audio/spn2ame/S09__phonos.wav,5.74,6d4d2bd96197f2d3528f850d4ba9e6f3e86066f1f344822790cfcf11acb00088,audio/spn2ame/S09__seedvc.wav,https://anonymousis23.github.io/UserStudy/PHONOS-TASLP26/accent_new/audio/spn2ame/S09__seedvc.wav,6.431927437641724,f6820b9e4446672565ebe464a8ce5a7e350812eb729838bee8b99d55b61b5310,audio/spn2ame/S09__tvtsyn_reconstruction.wav,https://anonymousis23.github.io/UserStudy/PHONOS-TASLP26/accent_new/audio/spn2ame/S09__tvtsyn_reconstruction.wav,5.74,0ed45976f8c5e084ca6598385d56fba854d20c062a23eebaea41413e0d0c6c7b
spn2ame,Spanish to American,spanish,american,Q014,SPE055,EN_QtFiwXxCSjy_SPEAKER_00,EN_QtFiwXxCSjy_W000011,THE MAYBE THE SHOES THAT THE GOALKEEPER WAS USING THEY DID NOT WEAR OUT A LOT BECAUSE THE GOALKEEPER DOES NOT MOVE A LOT,/data/waris/code/PHONOSv2/evaluation/final/spanish/EN_QtFiwXxCSjy_SPEAKER_00/wav/EN_QtFiwXxCSjy_W000011.wav,/data/waris/code/PHONOSv2/evaluation/matched_subjective/phonos_candidate_review/audio/spn2ame/SPE055/r6_epoch05/RMS.wav,/data/waris/code/PHONOSv2/evaluation/generated_samples/seedvc/full/spn2ame/RMS/EN_QtFiwXxCSjy_SPEAKER_00/EN_QtFiwXxCSjy_W000011.wav,/data/waris/code/PHONOSv2/evaluation/generated_samples/tvtsyn_reconstruction/full/spanish/EN_QtFiwXxCSjy_SPEAKER_00/EN_QtFiwXxCSjy_W000011.wav,spn2ame::SPE055::r6_epoch05::RMS,r6_epoch05,RMS,/data/waris/code/PHONOSv2/evaluation/speakers/ame/RMS.wav,north_american,58.91069769859314,4.1175795,seedvc::spn2ame::RMS::EN_QtFiwXxCSjy_W000011,RMS,/data/waris/code/PHONOSv2/evaluation/speakers/ame/RMS.wav,north_american,1,4.802803,tvtsyn::spn2ame::EN_QtFiwXxCSjy_W000011,north_american,0,3.3559487,spn2ame_S10,S10,audio/spn2ame/S10__original.wav,https://anonymousis23.github.io/UserStudy/PHONOS-TASLP26/accent_new/audio/spn2ame/S10__original.wav,7.437,60f43e71d541c3c17f3ea576ceab503d76dce7f83d48a1ea826d5887b387a932,audio/spn2ame/S10__phonos.wav,https://anonymousis23.github.io/UserStudy/PHONOS-TASLP26/accent_new/audio/spn2ame/S10__phonos.wav,7.44,07eac834a4949d0e6c8d76aa18a345586af0b117f9f90b536ab65c99ee37d9af,audio/spn2ame/S10__seedvc.wav,https://anonymousis23.github.io/UserStudy/PHONOS-TASLP26/accent_new/audio/spn2ame/S10__seedvc.wav,7.883174603174603,3f9264676827029f787ec34ed0be9a7cdcc8d252bb48ed050d19dcb981664956,audio/spn2ame/S10__tvtsyn_reconstruction.wav,https://anonymousis23.github.io/UserStudy/PHONOS-TASLP26/accent_new/audio/spn2ame/S10__tvtsyn_reconstruction.wav,7.44,149613e2530da8b47b123e3946aa21b620743150843cf88b3b8427e5ebb56c38
